Var_Name,Var_Text
EDUC,EMPIMPORTANCE OF EDUC & QUALIF. TO PAY
NATCITY,SOLVING PROBLEMS OF BIG CITIES
NATDRUGY,DRUG REHABILITATION -- VERSION Y
MARWHT,R FAVOR CLOSE RELATIVE MARRYING WHITE PERSON
OLD5,AGE OF 5TH PERSON
WHOELSE3,PRESENCE OF OTHERS: SPOUSE PARTNER
OWNGUN,HAVE GUN IN HOME
CONDOM,USED CONDOM LAST TIME  
MAR14,MARITAL STATUS OF 14TH PERSON (VISITOR)
COEVWORK,PARTNER EVER WORK AS LONG AS A YEAR
YEAR,LYWHAT IS YOUR YEARLY WAGE BEFORE TAX           
TRUST,CAN PEOPLE BE TRUSTED
UNION,SBDSTRONG TRADE UNIONS ARE BAD FOR US ECONOMY
SUITIME2,HOW MANY YEARS AND MONTHS SINCE 2ND CLOSEST SUICIDE
HOPE6,I AM MEETING MY CURRENT GOALS
WLTHBLKS,RICH - POOR
HAPPY,7HOW HAPPY R IS
POLVIEWS,THINK OF SELF AS LIBERAL OR CONSERVATIVE
SNSMYEAR,YEAR FIRST JOINED SNS
AIDOLD,GOVTS RESP: PROVIDE FOR THE ELDERLY
TEENSEX,SEX BEFORE MARRIAGE -- TEENS 14-16
MARHOMO,HOMOSEXUALS SHOULD HAVE RIGHT TO MARRY
TUMBLR,USE TUMBLR
COLMSLM,ALLOW ANTI-AMERICAN MUSLIM CLERGYMEN TEACHING IN COLLEGE
HIVTEST,1IN WHAT MONTH AND YEAR WAS YOUR LAST HIV TEST
INTTECH,INTERESTED IN TECHNOLOGIES
DENOM,SPECIFIC DENOMINATION
FORM,LDYSTHE NUMBER OF DAYS IN FORMAL TRAINING         
PRESTG10,5PLUSRS OCCUPATIONAL PRESTIGE SCORE USING THRESHOLD METHOD (2010)
GOD,SWILLHOW LIKELY X S SITUATION CAUSED BY GOD S WILL
ARTATT5,ATTENDED WITH OTHER
SPHRS1,NUMBER OF HRS SPOUSE WORKED LAST WEEK
TAXBYLAW,DO AUTHORITIES TAX LEGALLY
OBEYLAW,SHOW IMPORTANT ALWAYS TO OBEY LAWS  
PARTYID,POLITICAL PARTY AFFILIATION
OLD4,AGE OF 4TH PERSON
RELHHD10,RELATION OF 1OTH PERSON TO HOUSEHOLD HEAD
NATFAREY,ASSISTANCE TO THE POOR -- VERSION Y
JOBFIND,1HOW EASY FOR R TO FIND A SAME JOB
UNION,GODDESIRE TO BE CLOSER TO GOD                    
SEX,SEXSEX OF SEX PARTNERS IN LAST YEAR
DENOM,16DENOMINATION IN WHICH R WAS RAISED
EVOLVED,1HUMANS DEVELOPED FROM EARLIER SPECIES: TRUE OR FALSE
GENDER1,1GENDER OF 11TH PERSON (VISITOR)
NOGO1,PERFORMANCE OR EXHIBIT
AWAY3,IS 3RD PERSON STAYING SOMEWHERE ELSE NOW?
COISCO08,"PARTNER'S OCCUPATION, 2010 CENSUS & 2008 ISCO CODE"
POLEFF16,PEOPLE ELECTED TO CONGRESS TRY TO KEEP PROMISES         
UNIONSBD,STRONG TRADE UNIONS ARE BAD FOR US ECONOMY
VINE,USE VINE
SPEDUC,"HIGHEST YEAR SCHOOL COMPLETED, SPOUSE"
SEXSEX,"18SINCE AGE 18, HAVE YOUR SEX PARTNERS BEEN–"
DISCAFF,MA MAN WON'T GET A JOB OR PROMOTION  
DIVORCE,5DIVORCED IN LAST 5 YRS
WHERE1,3WHERE IS 13TH PERSON (VISITOR) STAYING?
DISCAFF,YCHANCE BLACKS PROMOTED AHEAD OF WHITES
OTHER,WRKDOES R HAVE ANY ADDITIONAL JOB
RACETHBL,POINTS ASSIGNED TO BLACK/AFRICAN AMERICAN
WORKWHTS,HARD WORKING - LAZY
HSCHEM,R EVER TOOK A HIGH SCHOOL CHEMISTRY COURSE
CAPPUN,2DOES R FAVOR CAPITAL PUNISHMENT
LOOKJOB,ARE YOU LOOKING FOR A JOB                     
SEX,ORNTSEXUAL ORIENTATION
JOBORFAM,WOULD YOU REMAIN IN UNSATISFYING JOB FOR FAMILY
AGE,RELEXAGE OF R AT RELIGIOUS EXPERIENCE
SEI10EDUC,PERCENTAGE OF SOME COLLEGE EDUC IN OCC10 BASED ON ACS 2010
SCITEXT,WHAT IT MEANS TO R TO STUDY SCIENTIFICALLY
SEX,UNIONSEX OF R'S SPOUSE/CIVIL UNION PARTNER/DOMESTIC PARTNER
RACE,CEN3WHAT IS RS RACE 3RD MENTION
NUMWOMEN,NUMBER OF FEMALE SEX PARTNERS SINCE 18
WORDI,WORD I
REALRINC,RS INCOME IN CONSTANT $
TRUST,5PEOPLE CAN OR CANNOT BE TRUSTED
FAIR,WHTSWHITES COMMITTED TO FAIR AND EQUAL TREATMENT OF
SCINEWS2,MAGAZINE PRINTED OR ONLINE
SUINUM,PEOPLE R KNOWS SUICIDE OVER LIFETIME
INCOM16,RS FAMILY INCOME WHEN 16 YRS OLD
IF12WHO,WHO WOULD R HAVE VOTED FOR IN 2012 ELECTION
BIGBANG2,UNIVERSE EXPANDING SINCE IT BEGAN: TRUE OR FALSE
EFTOTLT,TOTAL NUMBER OF STUDENTS ENROLLED IN COLLEGE RESPONDENT ATTENDED
CESD2,HOW MUCH TIME SLEEP WAS RESTLESS IN PAST WK
TAXMID,TAXES ON MIDDLE INCOME PEOPLE TOO HIGH
ADVFRONT,SCI RSCH IS NECESSARY AND SHOULD BE SUPPORTED BY FEDERAL GOVT
FAIR,HSPSHISPANICS COMMITTED TO FAIR AND EQUAL TREATMENT
RACE,4RACE OF PERSON NUMBER 4
HOPE2,I AM ENERGETICALLY PURSUING MY GOALS
NEWSKILL,I WOULD ACCEPT JOB THAT REQUIRES NEW SKILLS
COLHOMO,ALLOW HOMOSEXUAL TO TEACH
MADEG,MOTHERS HIGHEST DEGREE
ABANY,ABORTION IF WOMAN WANTS FOR ANY REASON
RACE,RACE OF RESPONDENT
WKSUB,DOES R OR SPOUSE HAVE SUPERVISOR
DAILYWRK,HOW RS DAILY WORK IS ORGANIZED
RELHH10,RELATIONSHIP OF PERSON 10 TO HEAD OF HOUSEHOLD
SECJOB,IMPORTANCE OF JOB SECURITY IN A JOB
AGE,2AGE OF PERSON #2
CONSCI,CONFIDENCE IN SCIENTIFIC COMMUNITY
SPKATH,ALLOW ANTI-RELIGIONIST TO SPEAK
CONEDUC,YEDUCATION -- VERSION Z
RELHH1,1RELATIONSHIP OF PERSON 11 TO HEAD OF HOUSEHOLD
PIKUPSEX,R HAD SEX WITH CASUAL DATE LAST YEAR
RELIG,2RELIGIOUS PREFERENCE OF PERSON #2
RELSP9,RELATIONSHIP OF PERSON 9 TO SPOUSE OF HOUSEHOL
EXPTEXT,WHY IS IT BETTER TO TEST DRUG THIS WAY
RACE,THASPOINTS ASSIGNED TO ASIAN AMERICAN
NOUNEMP2, R WOULD ACCEPT POSITION WITH LOWER PAY TO AVOID UNEMPLOYMENT
TRUST,FAMWOULD TRUST MY FAMILY                   
SPOTHER,OTHER PROTESTANT DENOMINATIONS
RHLPOTHS,R HELPS OTHERS IN JOB
WHERE4,WHERE IS 4TH PERSON STAYING?
HEALTH,12R USE WEB FOR HEALTH INFORMATION IN PAST 12 MON
RELSP1,1RELATIONSHIP OF PERSON 11 TO SPOUSE OF HOUSEHO
COREL,PARTNERS RELIGIOUS PREFERENCE
LIBMIL,ALLOW MILITARISTS BOOK IN LIBRARY
AGE,RBORNAGE OF R AT BORN-AGAIN EXPERIENCE
TEENS,HOUSEHOLD MEMBERS 13 THRU 17 YRS OLD
CODIPGED,"PARTNER DIPLOMA, GED, OR OTHER"
CONFED,YEXEC BRANCH FED GOVT -- VERSION Z
PRAY,ERYBIBLE PRAYER IN SCHOOLS-VERSION Y
RELATE2,RELATIONSHIP OF 2ND PERSON TO HOUSEHOLD HEAD
BOYORGRL,SCI KNOWLEDGE: FATHER GENE DECIDES SEX OF BABY
CLASS,SUBJECTIVE CLASS IDENTIFICATION
COIND10,PARTNERS INDUSTRY CODE (2010)
PRFMWHY1,IMP OF LOW COST IN DECISION TO ATTEND PERFORMANCE
TRUST,INGMOST PEOPLE CAN BE TRUSTED                    
RELIG,KIDRELIGION R WAS RAISED IN
AGE,5AGE OF PERSON #5
DISCAFFM,A MAN WON'T GET A JOB OR PROMOTION  
RACETHAS,POINTS ASSIGNED TO ASIAN AMERICAN
WWWMIN,WMINUTES PER WEEK USING WORK COMPUTER WWW
TOOFAST,SCIENCE MAKES OUR WAY OF LIFE CHANGE TOO FAST
REVPUB,ALLOW REVOLUTIONARIES TO PUBLISH BOOKS
SPANINT,"IF NO SPANISH, R COULD HAVE BEEN INTERVIEWED IN ENGLISH"
MAR1,4MARITAL STATUS OF 14TH PERSON (VISITOR)
GENDER8,GENDER OF 8TH PERSON
MOSTHRS,MOST HRS/WEEK WORKED IN PAST MONTH
RELACTIV,HOW OFTEN DOES R TAKE PART IN RELIG ACTIVITIES
RSECJOB,RS JOB IS SECURE
MARTYPE,MARITAL TYPE
VSTRAT,VARIANCE STRATUM
FEPOL,YMEN OR WOMEN BETTER SUITED FOR POLITICS
SEXSEX5,SEX OF SEX PARTNERS LAST FIVE YEARS
ARTWHY2,IMP OF WANTING TO EXPERIENCE HIGH QUALITY ART IN DECISION TO ATTEND EXHIBIT
HRSMONEY,R PREFERENCE RE: WORK HRS AND MONEY
GENDER5,GENDER OF 5TH PERSON
GVINFLU1,WHAT PEO OR ORG HAVE MOST INF
MARHISP,CLOSE RELATIVE MARRY HISPANIC
NATMASS,MASS TRANSPORTATION
OTHLANG,1WHAT OTHER LANGUAGES DOES R SPEAK
POSSLQ,DOES R HAVE MARITAL PARTNER
AWAY1,1IS 11TH PERSON (VISITOR) STAYING ELSEWHERE NOW?
MAEDUC,"HIGHEST YEAR SCHOOL COMPLETED, MOTHER"
SUITIME1,HOW MANY YEARS AND MONTHS SINCE CLOSEST SUICIDE
WLTHWHTS,RICH - POOR
MODE,INTERVIEW DONE IN-PERSON OR OVER THE PHONE
SEX,RESPONDENTS SEX
EXTRAERN,HOW MUCH EARNED FROM ADDITIONAL JOBS IN PAST YR
WORDE,WORD E
USUALHRS,HOW MANY HRS/WEEK DO YOU USUALLY WORK
NEWS,HOW OFTEN DOES R READ NEWSPAPER
PAPRES105PLUS,FATHER'S OCCUPATIONAL PRESTIGE SCORE USING THRESHOLD METHOD (2010)
VERSION,VERSION OF QUESTIONNAIRE
WHERE11,WHERE IS 11TH PERSON (VISITOR) STAYING?
UNION,DOES R OR SPOUSE BELONG TO UNION
NATCITY,ZSOLVING PROBLEMS OF BIG CITIES -- VER Z
MAR1,2MARITAL STATUS OF 12TH PERSON (VISITOR)
WRKEARN,JOB IS JUST A WAY TO EARN MONEY
EVOLVED,2ELEPHANTS EVOLVED FROM EARLIER SPECIES: TRUE OR FALSE
GOD,GUIDEFEEL GUIDED BY GOD IN DAILY ACTIVITIES
FEPRESCH,PRESCHOOL KIDS SUFFER IF MOTHER WORKS
PAEDUC,"HIGHEST YEAR SCHOOL COMPLETED, FATHER"
POPESPKS,POPE IS INFALLIBLE ON MATTERS OF FAITH OR MORALS
RACETHOT,POINTS ASSIGNED TO OTHER
RIFLE,S50SHOULD HIGH POWER RIFLE SALE BE LIMITED TO MILITARY
COSEI10INC,PERCENTAGE OF $45K+ EARNERS IN COOCC10 BASED ON ACS 2010
NATFARE,WELFARE
HISPANIC,HISPANIC SPECIFIED
CHILDS,NUMBER OF CHILDREN
GRASS,SHOULD MARIJUANA BE MADE LEGAL
ARTCOST,DID NOT GO DUE TO COST
AGE,WEDAGE WHEN FIRST MARRIED
EQWLTH,SHOULD GOVT REDUCE INCOME DIFFERENCES
POLHITOK,EVER APPROVE OF POLICE STRIKING CITIZEN
PRFMATT,DID R ATTEND ALONE OR WITH OTHERS
PRFMLOC,DID NOT WANT TO GO TO THAT LOCATION
OBEY,TCHIMPORTANT TO OBEY CHURCH TEACHINGS
ARTATT,1ATTENDED WITH SPOUSE OR PARTNER
ASTROLGY,EVER READ A HOROSCOPE OR PERSONAL ASTROLOGY REPORT
RACE,DBTFCERTAINTY OF OBSERVED RACE
PRFMTHE,WAS IT A THEATER PERFORMANCE
SOLARREV,SCI KNOWLEDGE: HOW LONG THE EARTH GOES AROUND THE SUN
SPDEN,16DENOMINATION IN WHICH SPOUSE RAISED
RELHH14,RELATIONSHIP OF PERSON 14 TO HEAD OF HOUSEHOLD
NOGO,PERF OR EXHIBIT R WANTED TO GO TO IN PAST 12 MONTHS BUT DID NOT
SPSCHOOL,GOVT SPENDING ON EDUCATION
SPUNEMP,GOVT SPENDING ON UNEMPLOYMENT BENEFITS
POLESCAP,CITIZEN ATTEMPTING TO ESCAPE CUSTODY
RELATE4,RELATIONSHIP OF 4TH PERSON TO HOUSEHOLD HEAD
FEJOBAFF,FOR OR AGAINST PREFERENTIAL HIRING OF WOMEN      
FAIR,EARNHOW FAIR IS WHAT R EARN ON THE JOB
DWELLING,TYPE OF STRUCTURE
ETH2,2ND MENTIONED COUNTRY OF ORIGIN                     
OVERSAMP,WEIGHTS FOR BLACK OVERSAMPLES
SPHRS2,NO. OF HRS SPOUSE USUALLY WORKS A WEEK
SPISCO08,"R'S MOTHER'S OCCUPATION, 2010 CENSUS & 2008 ISCO CODE"
TEENSEX,1MORALITY OF TEENS HAVING SEX
NATRACEY,ASSISTANCE TO BLACKS -- VERSION Y
BALPOS,SCI RESEARCH IS STRONGLY IN FAVOR OF BENEFITS
MAR2,MARITAL STATUS OF 2ND PERSON
NEWS,KILLI WOULD ACCEPT JOB THAT REQUIRES NEW SKILLS
VISITORS,NUMBER OF VISITORS IN HOUSEHOLD
SPHLTH,GOVT SPENDING ON HEALTH
AGE,WEDCRRS AGE AT CURRENT MARRIAGE
PRFMWHY3,IMP OF WANTING TO SOCIALIZE WITH FRIENDS OR FAM IN DECISION TO ATTEND PERF
PRFMWHY7,IMP OF LOCATION IN DECISION TO ATTEND PERF
WKSUPS,DOES SUBORDINATE SUPERVISE ANYONE
SPEVWORK,SPOUSE EVER WORK AS LONG AS A YEAR
WKWKENDS,DO YOU WORK WEEKENDS
SATFIN,SATISFACTION WITH FINANCIAL SITUATION
WRKENJOY,ENJOY JOB EVEN IF $ NOT NEEDED
ID,RESPONDENT ID NUMBER                                
WTSSALL,WEIGHT VARIABLE
ABSINGLE,NOT MARRIED
MAR8,MARITAL STATUS OF 8TH PERSON
CONFINAN,CONFID IN BANKS & FINANCIAL INSTITUTIONS
RELSP1,RELATIONSHIP OF PERSON 1 TO SPOUSE OF HOUSEHOL
WORDD,WORD D
MAR12,MARITAL STATUS OF 12TH PERSON (VISITOR)
MAKEJOBS,GOVT CREATE NEW JOBS
ARTWHY8,WAS THERE ANOTHER MAJOR REASON IN DECISION TO ATTEND EXHIBIT
PRAYER,XBIBLE PRAYER IN SCHOOLS -- VERSION Z
WRKSLF,STR 1ST JOB: SELF-EMPLOYED OR NO?
PRES12,VOTE OBAMA OR ROMNEY
EQWLTH,YGOVT REDUCE INCOME DIFFERENCES-VERSION Y
RELIG,5RELIGIOUS PREFERENCE OF PERSON #5
BABIES,HOUSEHOLD MEMBERS LESS THAN 6 YRS OLD
SETHRS,HOW ARE YOUR WORKING HOURS DECIDED
MARCOHAB,COHABITATION STATUS
REGION,REGION OF INTERVIEW
EVPAIDSX,EVER HAVE SEX PAID FOR OR BEING PAID SINCE 18
GENDER7,GENDER OF 7TH PERSON
PAISCO88,"R'S FATHER'S OCCUPATION, 1980 CENSUS & 1988 ISCO CODE"
COEDUC,"HIGHEST YEAR SCHOOL COMPLETED, PARTNER"
EMAILMIN,EMAIL MINUTES PER WEEK
WANTJOB2,WOULD LIKE TO HAVE A JOB NOW OR IN THE FUTURE  
INTRACE3,INTERVIEWER S RACE3
NATDRUG,DEALING WITH DRUG ADDICTION
WOTRIAL,SHOULD AUTHORITIES HAVE RIGHT TO DETAIN THE SUSPECTED  
RELATE1,3RELATION OF 13TH PERSON (VISITOR) TO HEAD
PHONE,DOES R HAVE TELEPHONE
WTSS,NRWEIGHT VARIABLE
INTWKDYM,MINUTES OF INTERNET USE ON WEEKDAYS
LOCALNUM,NUMBER OF EMPLOYEES: RS WORK SITE
SPKHOMO,ALLOW HOMOSEXUAL TO SPEAK
RELHH1,4RELATIONSHIP OF PERSON 14 TO HEAD OF HOUSEHOLD
PARSOL,RS LIVING STANDARD COMPARED TO PARENTS
RELSP11,RELATIONSHIP OF PERSON 11 TO SPOUSE OF HOUSEHO
FORM,FORM OF SPLIT QUESTIONNAIRE ASKED
RELHH5,RELATIONSHIP OF PERSON 5 TO HEAD OF HOUSEHOLD
ARTATT,5ATTENDED WITH OTHER
ARTGST,DID NOT GO BECAUSE COULDN'T FIND ANYONE TO GO WITH
PRVDSCHL,WHO PROVIDES SCHOOL EDUC
INTWKENH,HOURS OF INTERNET USE ON WEEKENDS
RACE,SELFR'S OWN RACIAL ID
WKSUBS1,DOES SUPERVISOR HAVE SUPERVISOR
ARTATT4,ATTENDED WITH RELATIVE
SPPOLICE,GOVT SPENDING ON LAW ENFORCEMENT
COSECTOR,TYPE OF COLLEGE PARTNER ATTENDED
YEAR,SJOBTIME AT CURRENT JOB
COLSCI,R HAS TAKEN ANY COLLEGE-LEVEL SCI COURSE 
WWWMIN,OMINUTES PER WEEK USING OTHER COMPUTER WWW
EARNRS,HOW MANY IN FAMILY EARNED MONEY
STRESS,ESHOW LIKELY X S SITUATION CAUSED BY STRESS
GENDER14,GENDER OF 14TH PERSON (VISITOR)
UNRELAT,NUMBER IN HOUSEHOLD NOT RELATED
BALNEG,SCI RESEARCH IS STRONGLY IN FAVOR OF HARMFUL RESULTS
HLPSOC,IMPORTANCE OF SOCIAL USEFULNESS IN A JOB
TRUST,CRTWOULD TRUST THE COURTS                  
CUTHOURS,REDUCTION IN LENGTH OF WORK WEEK
RELHH6,RELATIONSHIP OF PERSON 6 TO HEAD OF HOUSEHOLD
TAXPAID,DO AUTHORITIES ENSURE TAXES ARE PAID
ADULTS,HOUSEHOLD MEMBERS 18 YRS AND OLDER
WKSUB,SDOES SUPERVISOR HAVE SUPERVISOR
EDUC,3EDUCATION LEVEL OF PERSON #3
PRFMWHY8,IMP OF SPECIFIC INDIVID PERFORMER IN DECISION TO ATTEND PERF
EVOLVED2,ELEPHANTS EVOLVED FROM EARLIER SPECIES: TRUE OR FALSE
LASERS,SCI KNOWLEDGE: LASERS WORK BY FOCUSING SOUND WAVES
SPKLANG,3WHAT LANGUAGE(S) DO YOU SPEAK WELL?             
TEMPWORK,I WOULD ACCEPT TEMPORARY EMPLOYMENT
FEHIRE,SHOULD HIRE AND PROMOTE WOMEN                            
REVSPEAK,ALLOW REVOLUTIONARY PUBLIC MEETINGS
FEEUSED,FEE GIVEN TO GET CASE
OLD12,AGE OF 12TH PERSON (VISITOR)
EMAILHR,EMAIL HOURS PER WEEK
RELATE14,RELATION OF 14TH PERSON (VISITOR) TO HEAD
WORDF,WORD F
NATRACE,ZIMPROVING CONDITIONS OF BLACKS -- VER Z
PRFMATT,4ATTENDED WITH RELATIVE
MOVEAWAY,I WOULD MOVE OUTSIDE THE USA FOR WORK
MAR1,3MARITAL STATUS OF 13TH PERSON (VISITOR)
AWAY1,2IS 12TH PERSON (VISITOR) STAYING ELSEWHERE NOW?
NANOWILL,BENEFIT OF NANOTECHNOLOGY OUTWEIGH HARMFUL RESULTS
SUICIDE3,SUICIDE IF DISHONORED FAMILY
TAPPHONE,SHOULD AUTHORITIES HAVE RIGHT TO TAP PHONE CONVERSATION
LNGTHINV,HOW LONG WAS INTERVIEW
INCOME,16TOTAL FAMILY INCOME
XMOVIE,SEEN X-RATED MOVIE IN LAST YEAR
PILLOK,YBIRTH CONTROL TO TEENAGERS 14-16 (FORM 2)
NATSPAC,ZSPACE EXPLORATION -- VERSION Z
SEX,"SEX18SINCE AGE 18, HAVE YOUR SEX PARTNERS BEEN–"
NATSCI,SUPPORTING SCIENTIFIC RESEARCH        
FORM,LTRNDID IT INCLUDE FORMAL TRAINING COURSE         
GRASS,YSHOULD MARIJUANA BE LEGAL-VERSION Y
JBTRAIN,DID R HAVE ANY TRAINING TO IMPROVE JOB SKILL PAST 12 MONTHS
PRFMDAN,WAS IT A DANCE PERFORMANCE
RACETHNA,POINTS ASSIGNED TO NATIVE AMERICAN/AMERICAN INDIAN
USCITZN,IS R US CITIZEN
MARBLK,CLOSE RELATIVE MARRY BLACK
PASEI10EDUC,PERCENTAGE OF SOME COLLEGE EDUC IN PAOCC10 BASED ON ACS 2010
SEI10INC,PERCENTAGE OF $45K+ EARNERS IN OCC10 BASED ON ACS 2010
SEX,SEX5SEX OF SEX PARTNERS LAST FIVE YEARS
RELATE3,RELATIONSHIP OF 3RD PERSON TO HOUSEHOLD HEAD
GRANBORN,HOW MANY GRANDPARENTS BORN OUTSIDE U.S.
LOTR6,I EXPECT MORE GOOD THINGS TO HAPPEN TO ME THAN BAD
MAR1,0MARITAL STATUS OF 10TH PERSON
LETIN1,NUMBER OF IMMIGRANTS TO AMERICA NOWADAYS SHOULD BE      
NEWS,FROMMAIN SOURCE OF INFORMATION ABOUT EVENTS IN THE NEWS
PRFMATT5,ATTENDED WITH OTHER
ARTWHY6,IMP OF WANTING TO LEARN IN DECISION TO ATTEND EXHIBIT
CLOSEWHT,HOW CLOSE FEEL TO WHITES  
GENDER4,GENDER OF 4TH PERSON
INTRECNT,USED INTERNET/APPS YESTERDAY
MNTLHLTH,DAYS OF POOR MENTAL HEALTH PAST 30 DAYS
ETH1,1ST MENTIONED COUNTRY OF ORIGIN                     
FLEXHRS1,IMPORTANCE OF FLEXIBLE HRS. AT WORK
SNSMOTH1,DO YOU USE ANY OTHER SOCIAL NETWORKS
WORKBLKS,HARD WORKING - LAZY
LIVEBLKS,NEIGHBORHOOD HALF BLACK
CONTV,YTELEVISION -- VERSION Z
WKSUP,1DOES R OR SPOUSE OR PARTNER SUPERVISE ANYONE
FEAR,AFRAID TO WALK AT NIGHT IN NEIGHBORHOOD
PROTEST1,ALLOW PUBLIC MEETINGS PROTESTING GOVT
SPKLANG,2WHAT LANGUAGE(S) DO YOU SPEAK WELL?             
SPPRES10,5PLUSSPOUSE OCCUPATIONAL PRESTIGE SCORE USING THRESHOLD METHOD (2010)
EDUC,4EDUCATION LEVEL OF PERSON #4
SNAPCHAT,USE SNAPCHAT
ETHNIC,COUNTRY OF FAMILY ORIGIN 
GOOGLESN,USE GOOGLESN
NATHEALY,HEALTH -- VERSION Y
RACE,SEEOBSERVED RACE
USWAR,YEXPECT U.S. IN WORLD WAR IN 10 YEARS
PAWRKSLF,FATHER SELF-EMP. OR WORKED FOR SOMEBODY
MAR5,MARITAL STATUS OF 5TH PERSON
WHOELSE5,PRESENCE OF OTHERS: OTHER ADULTS
GVINFLU2,WHAT PEO OR ORG HAVE 2ND MOST INF
MAR6,MARITAL STATUS OF 6TH PERSON
WKSUP,SDOES SUBORDINATE SUPERVISE ANYONE
OLD1,1AGE OF 11TH PERSON (VISITOR)
PRFMWHY6,IMP OF WANTING TO LEARN IN DECISION TO ATTEND PERF
RANK,10RS SOCIAL RANK 10 YEARS AGO
WORDH,WORD H
MAR7,MARITAL STATUS OF 7TH PERSON
HLTHSTRT,POOR?HUADDHOUSING UNIT (HU) AT ADDRESS?HUADDWHYWHY THERE IS NO HU AT THIS ADDRESSDWELLPRETYPE OF STRUCTURE IN WHICH THE RESPONDENT LIVESKIDSINHHAT THIS HOUSEHOLDRESPONDESTIMATE OF THE PROBABILITY THAT THIS HOUSEHOLD WILL RESPOND TO THE SURVEYINCUSPOPTHE REST OF THE GENERAL UNITED STATES PNEISAFEHOW SAFE INTERVIEWER THINKS NEIGHBORHOOD ISRLOOKSR PHYSICAL ATTRACTIVENESS RATINGRGROOMEDR GROOMING RATINGRWEIGHTR WEIGHT RATINGHUCLEANR HU INTERIOR CLEANLINESS RATINGRHLTHENDR HEALTH RATINGWTSSWEIGHT VARIABLE
APPEMPS,APPLIED DIRECTLY TO EMPLOYERS                 
WEBMOB,R USES HOME INTERNET THROUGH MOBILE DEVICE
COOTHER,OTHER PROTESTANT DENOMINATIONS
LOWPAY,I WOULD ACCEPT JOB FOR LOWER PAY
POLABUSE,CITIZEN SAID VULGAR OR OBSCENE THINGS
AGE,DSHOULD AGED LIVE WITH THEIR CHILDREN
PAPRES10,5PLUSFATHER'S OCCUPATIONAL PRESTIGE SCORE USING THRESHOLD METHOD (2010)
ARTTRVL,DID NOT GO BECAUSE TOO DIFICULT TO GET THERE
DISCWK5,DISCRIMINATION AT WORK IN PAST 5 YRS
FUND,16HOW FUNDAMENTALIST WAS R AT AGE 16
GOD,CHNGEDESCRIBE YOUR BELIEFS ABOUT GOD
SCIENTHE,SCIENTISTS HELP SOLVE PROB
WKSUB1,DOES R OR SPOUSE OR PARTNER HAVE A SUPERVISOR
AWAY5,IS 5TH PERSON STAYING SOMEWHERE ELSE NOW?
SPOCC10,SPOUSE CENSUS OCCUPATION CODE (2010)
HLPHITEC,GOVT SUPPORT FOR NEW PRODUCTS AND TECH
SCIENTBE,SCIENTISTS WANT TO MAKE LIFE BETTER FOR AVG PERSON
MORTRAVL,I WOULD ACCEPT A LONGER COMMUTE
RELATE5,RELATIONSHIP OF 5TH PERSON TO HOUSEHOLD HEAD
FEFAM,"BETTER FOR MAN TO WORK, WOMAN TEND HOME"
RELHHD12,RELATION OF 12TH PERSON (VISITOR) TO HEAD
RACE,THBLPOINTS ASSIGNED TO BLACK/AFRICAN AMERICAN
WHERE1,0WHERE IS 1OTH PERSON STAYING?
HIVTEST2,WHERE DID YOU HAVE YOUR LAST HIV TEST
WWWHR,OHOURS PER WEEK USING OTHER COMPUTER WWW
NEWS,30R USE NEWS SITE IN PAST 30 DAYS
RACE,THWHPOINTS ASSIGNED TO WHITE
CCTV,CIVIL LIBERTIES - VIDEO SURVEILLANCE
SAMPLE,SAMPLING FRAME AND METHOD
AWAY11,IS 11TH PERSON (VISITOR) STAYING ELSEWHERE NOW?
LIVEWHTS,R FAVORS LIVING IN HALF WHITE NEIGHBORHOOD
PRETEEN,HOUSEHOLD MEMBERS 6 THRU 12 YRS OLD
MAR13,MARITAL STATUS OF 13TH PERSON (VISITOR)
AWAY7,IS 7TH PERSON STAYING SOMEWHERE ELSE NOW?
TAXRICH,TAXES ON HIGH INCOME PEOPLE TOO HIGH
HHTYPE1,HOUSEHOLD TYPE (CONDENSED)
PRFMOTHR,1OTHER REASON WHY DID NOT GO - SPECIFY
NOUNEMP6,I WOULD MOVE OUTSIDE THE USA FOR WORK
COURTS,COURTS DEALING WITH CRIMINALS
SUIREL1,R'S RELATIONSHIP TO CLOSEST SUICIDE
GENDEREQ,GOV RESP TO PROMOTE EQUALITY
RELHHD1,2RELATION OF 12TH PERSON (VISITOR) TO HEAD
ABDEFECT,STRONG CHANCE OF SERIOUS DEFECT
WWWMIN,HMINUTES PER WEEK USE COMPUTER WWW
PRFMOTHR1,OTHER REASON WHY DID NOT GO - SPECIFY
COSEI10EDUC,PERCENTAGE OF SOME COLLEGE EDUC IN COOCC10 BASED ON ACS 2010
SEXSEX,SEX OF SEX PARTNERS IN LAST YEAR
WKSUP,DOES R OR SPOUSE SUPERVISE ANYONE
WRKINDP,IMPORTANCE OF INDEPENDENT WORK IN A JOB
RPLACE,R'S RELATIONSHIP TO HOUSEHOLD HEAD
SOCFREND,SPEND EVENING WITH FRIENDS
AWAY2,IS 2ND PERSON STAYING SOMEWHERE ELSE NOW?
INTMBILE,USE INTERNET/APPS FROM PHONE OR TABLET
TAX,RICHTAXES ON HIGH INCOME PEOPLE TOO HIGH
PRFMTIME,DID NOT GO DUE TO LACK OF TIME
RELSP6,RELATIONSHIP OF PERSON 6 TO SPOUSE OF HOUSEHOL
TAX,SERVEFAVOR CONSCRIPTION GIVEN TAXES?
ARTATT1,ATTENDED WITH SPOUSE OR PARTNER
ARTWHY3,IMP OF WANTING TO SOCIALIZE WITH FRIENDS OR FAM IN DECISION TO ATTEND EXHIBIT
DIVORCE,EVER BEEN DIVORCED OR SEPARATED
ARTATT,4ATTENDED WITH RELATIVE
NATHEAL,YHEALTH -- VERSION Y
EMONITOR,CIVIL LIBERTIES - MONITOR EMAILS
PARTNERS,HOW MANY SEX PARTNERS R HAD IN LAST YEAR
RELHH11,RELATIONSHIP OF PERSON 11 TO HEAD OF HOUSEHOLD
RELHH13,RELATIONSHIP OF PERSON 13 TO HEAD OF HOUSEHOLD
SUICIDE2,SUICIDE IF BANKRUPT
SEXEDUC,SEX EDUCATION IN PUBLIC SCHOOLS
PAISCO08,"R'S FATHER'S OCCUPATION, 2010 CENSUS & 2008 ISCO CODE"
RELHHD8,RELATION OF 8TH PERSON TO HOUSEHOLD HEAD
SEI10,R'S SOCIOECONOMIC INDEX (2010)
SPSEI10,R'S SPOUSE'S SOCIOECONOMIC INDEX (2010)
YEAR,GSS YEAR FOR THIS RESPONDENT                       
PRESTG105PLUS,RS OCCUPATIONAL PRESTIGE SCORE USING THRESHOLD METHOD (2010)
OLD10,AGE OF 1OTH PERSON
MAR1,1MARITAL STATUS OF 11TH PERSON (VISITOR)
CONBUS,YMAJOR COMPANIES -- VERSION Z
EDUC,OPEQUAL OPPORTUNITY TO OBTAIN EDUCATION?
OLD8,AGE OF 8TH PERSON
ID,U30R INJECT DRUGS IN PAST 30 DAYS
BIBLE,1DESCRIBE YOUR FEELINGS ABOUT THE BIBLE
JBINTFAM,HOW OFTEN R FELT: DEMAND OF JOB INTERFERE WITH FAMILY LIFE
PRAY,HOW OFTEN DOES R PRAY
COSEI10,EDUCPERCENTAGE OF SOME COLLEGE EDUC IN COOCC10 BASED ON ACS 2010
RACDIF1,DIFFERENCES DUE TO DISCRIMINATION
RACECEN2,WHAT IS RS RACE 2ND MENTION
RELHHD3,RELATION OF 3RD PERSON TO HOUSEHOLD HEAD
LOTR2,IF SOMETHING CAN GO WRONG FOR ME IT WILL
TAX,SPENDCHOICE BETWEEN REDUCING TAXES OR SPENDING MORE          
LETDIE1,YALLOW INCURABLE PATIENTS TO DIE (FORM 2)
CLSSMTES,USE CLSSMTES
YEAR,BIZYEAR BUSINESS STARTED
FORMWT,WEIGHT DEAL WITH EXPERIMENTAL RANDOMIZATION
ATTEND,PAFREQ OF R'S DAD'S RELIG SVC ATTENDANCE
NATENVIY,THE ENVIRONMENT -- VERSION Y
CLOSEBLK,HOW CLOSE FEEL TO BLACKS  
INTLBLKS,UNINTELLIGENT - INTELLIGENT
RELIG16,RELIGION IN WHICH RAISED
ATTEND,MAFREQ OF R'S MOM'S RELIG SVC ATTENDANCE
COLMIL,ALLOW MILITARIST TO TEACH
IDU30,R INJECT DRUGS IN PAST 30 DAYS
NOUNEMP5,I WOULD MOVE WITHIN THE USA FOR WORK
NATHEAL,ZIMPROVING HEALTH -- VERSION Z
RACE,THOTPOINTS ASSIGNED TO OTHER
RANK,RS SELF RANKING OF SOCIAL POSITION
RVISITOR,IS R A VISITOR?
ATTEND,12FREQ OF R'S RELIG SVC ATTENDANCE AT AGE 12
NATARMS,"MILITARY, ARMAMENTS, AND DEFENSE"
TEMPGEN,GREENHOUSE EFFECT DANGER TO ENVIR   
AIDINDUS,GOVTS RESP: ASSIST INDUSTRIAL GROWTH
SUINUM,1PEOPLE R KNOWS SUICIDE OVER LIFETIME
STRESS,12STRESS MANAGEMENT PROGRAM LAST 12 MONTHS
GENDER1,GENDER OF 1ST PERSON
HELPORG1,WILLING TO WORK HARDER FOR THE FIRM
GOD,RIGHTGOD'S LAWS SHOULD DECIDE RIGHT AND WRONG
RELIG,PUBBETTER IF MORE BELIEVERS HELD PUBLIC OFFICE
CHLDIDEL,IDEAL NUMBER OF CHILDREN
ADVSCHED,HOW FAR IN ADVANCE DO YOU SCHEDULE WORK
RACECEN3,WHAT IS RS RACE 3RD MENTION
HIVTEST,HAVE YOU EVER BEEN TESTED FOR HIV
RELSP1,3RELATIONSHIP OF PERSON 13 TO SPOUSE OF HOUSEHO
WHERE1,2WHERE IS 12TH PERSON (VISITOR) STAYING?
WORNOJOB,DO YOU WORRY ABOUT NOT FINDING JOB
CONMEDIC,CONFIDENCE IN MEDICINE
RELIG,IDR'S RELIGIOUS IDENTITY                         
LETDIE1,ALLOW INCURABLE PATIENTS TO DIE
SPEFTOTLT,TOTAL NUMBER OF STUDENTS ENROLLED IN COLLEGE SPOUSE ATTENDED
COOP,2RS ATTITUDE TOWARD INTERVIEW
FUND16,HOW FUNDAMENTALIST WAS R AT AGE 16
GOD,SELLSRELIGIOUS IMAGE TO SELL PRODUCTS 
DISCAFFW,HITES HURT BY AFF. ACTION
HELPNOT,SHOULD GOVT DO MORE OR LESS?
ABNOMORE,MARRIED--WANTS NO MORE CHILDREN
CONDRIFT,SCI KNOWLEDGE: THE CONTINENTS HAVE BEEN MOVING
WKSUPS1,DOES SUBORDINANT SUPERVISE ANYONE
RACDIF4,DIFFERENCES DUE TO LACK OF WILL
BIGBANG,2UNIVERSE EXPANDING SINCE IT BEGAN: TRUE OR FALSE
SPSEI10,EDUCPERCENTAGE OF SOME COLLEGE EDUC IN SPOCC10 BASED ON ACS 2010
MAJORCOL,THE FIELD OF DEGREE R EARNED
AGE,DPARSHOULD AGED LIVE WITH THEIR CHILDRENAGEDCHLDSHOULD GROWN CHILDREN LIVE WITH PARENTSWEEKSWRKWEEKS R. WORKED LAST YEAR
RELSP1,2RELATIONSHIP OF PERSON 12 TO SPOUSE OF HOUSEHO
VOEDNME1,POSTSECONDARY INSTITUTION ATTENDED FOR CREDIT
NATRACE,YASSISTANCE TO BLACKS -- VERSION Y
CLASS,YSUBJECTIVE SOCIAL CLASS-VERSION Y
NATSPAC,SPACE EXPLORATION PROGRAM
COURTS,YCOURTS DEALING WITH CRIMINALS-VERSION Y
PAIDSEX,R HAD SEX FOR PAY LAST YEAR
HUNT,DOES R OR SPOUSE HUNT
NATMASS,ZIMPROVING MASS TRANSIT -- VERSION Z
PUBAGNCY,REGISTERED AT A PUBLIC EMPLOYMENT AGENCY      
CONSENT,PARTICIPATION/RECORDING CONSENT
CONSCI,YSCIENTIFIC COMMUNITY -- VERSION Z
SPKLANG,1WHAT LANGUAGE(S) DO YOU SPEAK WELL?             
RELHH1,2RELATIONSHIP OF PERSON 12 TO HEAD OF HOUSEHOLD
SATJOB,1JOB SATISFACTION IN GENERAL
COSEI10,INCPERCENTAGE OF $45K+ EARNERS IN COOCC10 BASED ON ACS 2010
DISCAFF,WA WOMAN WON'T GET A JOB OR PROMOTION             
CRACK30,R LAST USE CRACK COCAINE
GETJOB,HOW LIKELY YOU WOULD FIND A JOB               
LIBRAC,ALLOW RACISTS BOOK IN LIBRARY
RWRKINDP,R CAN WORK INDEPENDENTLY
INCOME,72TOTAL FAMILY INCOME
ARTATT2,ATTENDED WITH CHILD
SEXFREQ,1HAD SEX IN LAST MONTH
SCIFROM,MAIN SOURCE OF INFORMATION ABOUT SCIENCE AND TECHNOLOGY
INCOME,91TOTAL FAMILY INCOME
LOTR4,I HARDLY EVER EXPECT THINGS TO GO MY WAY
NATAID,ZHELPING OTHER COUNTRIES -- VERSION Z
UNION,1DOES R OR SPOUSE OR PARTNER BELONG TO UNION
SATJOB,JOB OR HOUSEWORK
SHOTGUN,SHOTGUN IN HOME
WHENHS,WHEN RECEIVED HS DEGREE
PRFMOTHR,OTHER REASON WHY DID NOT GO
WRKSTAT,LABOR FORCE STATUS
PRFMATT4,ATTENDED WITH RELATIVE
RELHHD1,3RELATION OF 13TH PERSON (VISITOR) TO HEAD
SEX,FREQ1HAD SEX IN LAST MONTH
RACE,CEN2WHAT IS RS RACE 2ND MENTION
AGE,3AGE OF PERSON #3
AGE,4AGE OF PERSON #4
HUNT1,DOES R OR SPOUSE OR PARTNER HUNT
SUICIDE4,SUICIDE IF TIRED OF LIVING
MAR4,MARITAL STATUS OF 4TH PERSON
ACQNTSEX,R HAD SEX WITH ACQUAINTANCE LAST YEAR
PAOCC10,FATHERS CENSUS OCCUPATION CODE (2010)
PRVDOLD,WHO PROVIDES FOR OLD PEOPLE
WHERE1,1WHERE IS 11TH PERSON (VISITOR) STAYING?
SUIREL2,RS RELATIONSHIP TO 2ND CLOSEST SUICIDE
MEOVRWRK,MEN HURT FAMILY WHEN FOCUS ON WORK TOO MUCH
NATEDUCY,EDUCATION -- VERSION Y
ARTWHY9,OTHER MAJOR REASON IN DECISION TO ATTEND
POLEFF11,DON'T HAVE ANY SAY ABOUT WHAT THE GOVERNMENT DOES       
MAR1,MARITAL STATUS OF 1ST PERSON
SOCREL,SPEND EVENING WITH RELATIVES
WHYJBEND,MAIN REASON YOUR JOB END
GENDER1,0GENDER OF 10TH PERSON
FINRELA,OPINION OF FAMILY INCOME
NATDRUG,YDRUG REHABILITATION -- VERSION Y
RACLIVE,ANY OPP. RACE IN NEIGHBORHOOD
RACE,THHIPOINTS ASSIGNED TO HISPANIC/LATINO
GENDER10,GENDER OF 10TH PERSON
RACWORK,RACIAL MAKEUP OF WORKPLACE
SEX,"FREQ2NUMBER OF TIMES, SEX LAST MONTH"
SRCBELT,SRC BELTCODE
WKSUPS,1DOES SUBORDINANT SUPERVISE ANYONE
INCOME16,TOTAL FAMILY INCOME
PASEI10,INCPERCENTAGE OF $45K+ EARNERS IN PAOCC10 BASED ON ACS 2010
FAIR,5PEOPLE FAIR OR NOT
HHRACE,RACE OF HOUSEHOLD
NEWSFROM,MAIN SOURCE OF INFORMATION ABOUT EVENTS IN THE NEWS
AWAY1,3IS 13TH PERSON (VISITOR) STAYING ELSEWHERE NOW?
RELSP7,RELATIONSHIP OF PERSON 7 TO SPOUSE OF HOUSEHOL
SPWRKSTA,SPOUSE LABOR FORCE STATUS
CESD5,HOW MUCH TIME FELT SAD IN PAST WK
PROTEST3,ALLOW DEMONSTRATIONS PROTESTING GOVT
OLD1,3AGE OF 13TH PERSON (VISITOR)
SUICLSE1,HOW CLOSE WERE YOU TO CLOSEST SUICIDE VICTIM
COPRES10,PARTNERS OCCUPATIONAL PRESTIGE SCORE (2010)
EXJOBSAT,SATISFACTION WITH PAST JOB
PRFMGST,DID NOT GO BECAUSE COULDN'T FIND ANYONE TO GO WITH
RACDIF2,DIFFERENCES DUE TO INBORN DISABILITY
WANTADS,ANSWERED ADVERTISEMENTS FOR JOBS              
ARTMOSTOTH,MOST IMP FACTOR IN NOT ATTENDING ART EXHIBIT
ADFORJOB,ADVERTISED FOR A JOB IN NEWSPAPERS            
OBEYLAW,SHOULD PEOPLE OBEY LAWS WITHOUT EXCEPTN?
PILLOK,BIRTH CONTROL TO TEENAGERS 14-16
MASEI10EDUC,PERCENTAGE OF SOME COLLEGE EDUC IN MAOCC10 BASED ON ACS 2010
PRIDEORG,I AM PROUD WORKING FOR MY FIRM
SNSMOT2A,FIRST OTHER SOCIAL NETWORK
FAIR,PEOPLE FAIR OR TRY TO TAKE ADVANTAGE
REALINC,FAMILY INCOME IN CONSTANT $
HAPCOHAB,HAPPINESS OF RELT WITH PARTNER
CAPPUN,FAVOR OR OPPOSE DEATH PENALTY FOR MURDER
MATESEX,WAS 1 OF RS PARTNERS SPOUSE OR REGULAR
LEAVEJOB,HOW LIKELY WILL TRY TO FIND ANOTHER FIRM
JBENDYR,YEAR LAST PAID JOB ENDED
OTHER,5PERSON #5 IS OTHER TYPE OF ACQUAINTANCE
PRFMFREE,WAS PERFORMANCE ATTENDED FREE
SCINEWS3,WHERE ONLINE GET INFO
SPENVIRO,GOVT SPENDING ON ENVIRONMENT
COWRKSTA,PARTNERS LABOR FORCE STATUS
JOBFIND,COULD R FIND EQUALLY GOOD JOB
FUCITZN,IS R PLANNING/APPLING FOR US CITIZENSHIP OR NOT
VISNHIST,HOW OFTEN R VISITED NATURAL HISTORY MUSEUM LAST YEAR
PRFMATT,3ATTENDED WITH FRIEND
RELHH1,RELATIONSHIP OF PERSON 1 TO HEAD OF HOUSEHOLD
OBEY,LAWSHOULD PEOPLE OBEY LAWS WITHOUT EXCEPTN?
NATSOC,SOCIAL SECURITY
PRFMINT,DID NOT GO SINCE NOT OF INTEREST
SUIYRS2,HOW MANY YEARS SINCE 2ND CLOSEST SUICIDE
GOD,LVOTHFEEL GODS LOVE FOR ME THROUGH OTHERS
LOTR5,I RARELY COUNT ON GOOD THINGS HAPPENING TO ME
ISCO08,"RESPONDENT'S OCCUPATION, 2010 CENSUS & 2008 ISCO CODE"
ARTATT,3ATTENDED WITH FRIEND
OTHLANG1,WHAT OTHER LANGUAGES DOES R SPEAK
PAIND10,FATHERS INDUSTRY CODE (NAICS 2007)
NOUNEMP1, R WOULD ACCEPT JOB REQUIRING NEW SKILL TO AVOID UNEMPLOYMENT
ROWNGUN,DOES GUN BELONG TO R
SCIBNFTS,BENEFITS OF SCI RESEARCH OUTWEIGH HARMFUL RESULTS
SEX,4SEX OF PERSON NUMBER 4
SPARTS,GOVT SPENDING ON CULTURE AND THE ARTS
SPPRES105PLUS,SPOUSE OCCUPATIONAL PRESTIGE SCORE USING THRESHOLD METHOD (2010)
SUIMTHS2,HOW MANY MONTHS SINCE 2ND CLOSEST SUICIDE
RACE,THNAPOINTS ASSIGNED TO NATIVE AMERICAN/AMERICAN INDIAN
FRNDSEX,R HAD SEX WITH FRIEND LAST YEAR
GOD,PARTSHOW OFTEN DOES R CONTACT GOD-PARENTS
UNEMP,5UNEMPLOYED IN LAST 5 YRS
COLATH,ALLOW ANTI-RELIGIONIST TO TEACH
BORN,SPIN WHAT COUNTRY WERE YOU BORN
NOUNEMP4, R WOULD ACCEPT TRAVEL LONGER TO WORK TO AVOID UNEMPLOYMENT
NEWS,GRPSHOW FAMILIAR R IS WITH TERM NEWSGROUPS
WRKWAYUP,BLACKS OVERCOME PREJUDICE WITHOUT FAVORS 
INTHISP,"IS INTERVIEWER SPANISH, HISPANIC OR LATINO"
HUCLEAN,HOW CLEAN WAS HOUSING OF R
HAPMAR,HAPPINESS OF MARRIAGE
COHORT,YEAR OF BIRTH
DECIDWRK,HOW ARE YOUR WORKING HOURS DECIDED
INTSPACE,INTERESTED IN SPACE EXPLORATION
RUSHED,HOW OFTEN R FEELS RUSHED
OLD7,AGE OF 7TH PERSON
INTENVIR,INTERESTED IN ENVIRONMENTAL ISSUES
WIDOWED,EVER BEEN WIDOWED
VOTE12,DID R VOTE IN 2012 ELECTION
INCOME,77TOTAL FAMILY INCOME
NATCRIME,HALTING RISING CRIME RATE
ARTWHY7,IMP OF LOCATION IN DECISION TO ATTEND EXHIBIT
WATERGEN,WATER POLLUTION DANGER TO ENVIR   
TRUST,YCAN PEOPLE BE TRUSTED-VERSION Y
SPRETIRE,GOVT SPENDING ON RETIREMENT BENEFITS
WHATSAPP,USE WHATSAPP
UNION,SOKHOW GOOD UNION FOR THE COUNTRY
OTHLANG2,WHAT OTHER LANGUAGES DOES R SPEAK
RELSP2,RELATIONSHIP OF PERSON 2 TO SPOUSE OF HOUSEHOL
TEENS,EX1MORALITY OF TEENS HAVING SEX
HLPOTHS,IMPORTANCE OF HELPING OTHERS IN A JOB
ABPOOR,WWRONG FOR WOMAN TO GET ABORTION IF LOW INCOME?
ARTWHY5,IMP OF WANTING TO SUPPORT COMMUNITY IN DECISION TO ATTEND EXHIBIT
FAMORJOB,WOULD YOU SACRIFICE JOB OPPORTUNITIES FOR FAMILY
INSTAGRM,USE INSTAGRM
MAISCO08,"R'S SPOUSE'S OCCUPATION, 2010 CENSUS & 2008 ISCO CODE"
HIVTEST,2WHERE DID YOU HAVE YOUR LAST HIV TEST
CONARMY,YMILITARY -- VERSION Z
GOD,LVDIRFEEL GODS LOVE FOR R DIRECTLY
RACE,CEN1WHAT IS RS RACE 1ST MENTION
RELATE1,4RELATION OF 14TH PERSON (VISITOR) TO HEAD
OTHER,3PERSON #3 IS OTHER TYPE OF ACQUAINTANCE
RINTJOB,RS JOB IS INTERESTING
CUTGOVT,CUTS IN GOVT SPENDING
WORECSUP,DO YOU WORRY ABOUT LOSING ECONOMIC SUPPORT
CESD4,HOW MUCH TIME FELT LONELY IN PAST WK
USWAR,EXPECT U.S. IN WAR WITHIN 10 YEARS
SUIMTHS1,HOW MANY MONTHS SINCE CLOSEST SUICIDE
WTSSNR,WEIGHT VARIABLE
SEXORNT,SEXUAL ORIENTATION
ODDS1,TEST OF KNOWLEDGE ABOUT PROBABLITY1
POLEFF13,HAVE A PRETTY GOOD UNDERSTANDING OF ISSUES              
PRFMWHY9,WAS THERE ANOTHER MAJOR REASON IN DECISION TO ATTEND PERF
GRADTOUNDER,RATIO OF GRADUATE STUDENTS TO UNDERGRADUATE STUDENTS IN COLLEGE RESPONDEN
SOCBAR,SPEND EVENING AT BAR
RELIG,4RELIGIOUS PREFERENCE OF PERSON #4
PARTYID,2PARTY ID OF PERSON #2
WHERE1,WHERE IS 1ST PERSON STAYING?
RIFLE,RIFLE IN HOME
JOBEASY,HOW EASY IF R FIND A JOB AS GOOD AS CURRENT ONE
PRAYER,BIBLE PRAYER IN PUBLIC SCHOOLS
CONLEGIS,CONFIDENCE IN CONGRESS
HOMPOP,NUMBER OF PERSONS IN HOUSEHOLD
PINTERST,USE PINTERST
EVJOB,HAVE YOU EVER HAD A PAID JOB FOR 1 YEAR OR+
CHEMGEN,PESTICIDES DANGER TO ENVIR   
FEAR,FULFELT FEARFUL ABOUT SOMETHING  
OBEY,TO OBEY
SATJOB,7JOB SATISFACTION IN GENERAL
AWAY6,IS 6TH PERSON STAYING SOMEWHERE ELSE NOW?
NATROAD,ZIMPROVING HIGHWAYS AND BRIDGES -- VER Z
PROMOTN,GPROCEDURES FOR PROMOTION
RACDIF3,DIFFERENCES DUE TO LACK OF EDUCATION
RACE,THMNWHAT RACE/ETH IS OTHER REFERRING TO
SEX,1SEX OF PERSON NUMBER 1
PISTOL,PISTOL OR REVOLVER IN HOME
BIGBANG,1UNIVERSE BEGAN WITH A BIG EXPLOSION: TRUE OR FALSE
EVIDU,R EVER INJECT DRUGS
COLSCINM,NUMBER OF COLLEGE-LEVEL SCI COURSES R HAVE TAKEN
RELHHD7,RELATION OF 7TH PERSON TO HOUSEHOLD HEAD
TAX,BYLAWDO AUTHORITIES TAX LEGALLY
XMARSEX,SEX WITH PERSON OTHER THAN SPOUSE
RELSP1,0RELATIONSHIP OF PERSON 10 TO SPOUSE OF HOUSEHO
INCOME,TOTAL FAMILY INCOME
AGE,1AGE OF PERSON #1
RINCOM16,RESPONDENTS INCOME
SEX,EMPIMPORTANCE OF GENDER TO PAY
WHERE3,WHERE IS 3RD PERSON STAYING?
RELIG,RS RELIGIOUS PREFERENCE
SCINEWS1,NEWSPAPER PRINTED OR ONLINE
OBEY,SOBEYS PARENTS WELL
FAMINTJB,HOW OFTEN R FELT: DEMAND OF FAMILY LIFE INTERFERE WITH JOB
MAWRKSLF,MOTHER SELF-EMP. OR WORKED FOR SOMEBODY
RATETONE,R'S FACIAL COLORING BY INTERVIEWER
PRFMTRVL,DID NOT GO BECAUSE TOO DIFICULT TO GET THERE
SPKLANG,WHOW WELL R SPEAKS THE LANGUAGE IN BETRLANG
SEX,3SEX OF PERSON NUMBER 3
NEWS,FRMYWHERE NEWS EVENTS INFO
CONLABOR,CONFIDENCE IN ORGANIZED LABOR
OLD1,0AGE OF 1OTH PERSON
SPGRADTOUNDER,RATIO OF GRADUATE STUDENTS TO UNDERGRADUATE STUDENTS IN COLLEGE SPOUSE ATTECOBARATERATE OF BA DEGREE EARNING AT COLLEGE PARTNER ATTENDED
EXTRAWRK,DID YOU WORK MULTIPLE JOBS IN PAST YR
POSTLIFE,BELIEF IN LIFE AFTER DEATH
STRESS,FLSITUATION CAUSED BY STRESSFUL CIRCUMSTANCES
TRUST,CAN PEOPLE BE TRUSTED 2006 WORDING
ARTEXBT,DID R GO TO AN ART EXHIBIT IN LAST 12 MONTHS
OLD1,2AGE OF 12TH PERSON (VISITOR)
RELIG,SPR'S SPOUSE'S RELIGION
WORDSUM,NUMBER WORDS CORRECT IN VOCABULARY TEST
NATCITY,YASSISTANCE TO BIG CITIES -- VERSION Y
POLINT,EREXPRESSED POLITICAL VIEWS ON INTERNET PAST YEAR
SEXFREQ,FREQUENCY OF SEX DURING LAST YEAR
RELHHD1,1RELATION OF 11TH PERSON (VISITOR) TO HEAD
OLD2,AGE OF 2ND PERSON
WORDC,WORD C
GENDER12,GENDER OF 12TH PERSON (VISITOR)
SNSMOT2B,SECOND OTHER SOCIAL NETWORK
NOGO,VTNO GOVT INTERFERENCE IMPORTANT FOR FREEDOM
VERDICT,WORSE TYPE OF JUDICIAL MISTAKE
WHERE1,4WHERE IS 14TH PERSON (VISITOR) STAYING?
ISSP,FILTER FOR ISSP CASES
RINCOME,RESPONDENTS INCOME
TRUST,DOCWOULD TRUST MY DOCTOR                   
EDUC,5EDUCATION LEVEL OF PERSON #5
TAX,MIDTAXES ON MIDDLE INCOME PEOPLE TOO HIGH
RELSP1,4RELATIONSHIP OF PERSON 14 TO SPOUSE OF HOUSEHO
TIMEOFF,HOW DIFFICULT R TAKES AN HOUR OFF DURING WORKING HOURS
ARTWHY1,IMP OF LOW COST IN DECISION TO ATTEND EXHIBIT
POLATTAK,CITIZEN ATTACKING POLICEMAN WITH FISTS
WORKHARD,TO WORK HARD
MAR11,MARITAL STATUS OF 11TH PERSON (VISITOR)
OTHER,OTHER PROTESTANT DENOMINATIONS
XNORCSIZ,EXPANDED NORC. SIZE CODE
NATENRGY,DEVELOPING ALTERNATIVE ENERGY SOURCES
COLRAC,ALLOW RACIST TO TEACH
BORED,HOW OFTEN DOES R HAVE EXTRA TIME
MAPRES10,MOTHER'S OCCUPATIONAL PRESTIGE SCORE (2010)
GIVINFUSA,SHOULD GOVT COLLECT CITIZEN INFO WITHOUT KNOWLEDGE
HELPOTH,TO HELP OTHERS
RELHH12,RELATIONSHIP OF PERSON 12 TO HEAD OF HOUSEHOLD
RHLPSOC,RS JOB IS USEFUL TO SOCIETY
SPDIPGED,"SPOUSE DIPLOMA, GED, OR OTHER"
TRUST,MANR TRUST MANAGEMENT AT WORK
LINKEDIN,USE LINKEDIN
RELATE1,1RELATION OF 11TH PERSON (VISITOR) TO HEAD
SPKMSLM,ALLOW MUSLIM CLERGYMEN PREACHING HATRED OF THE US
SPKMIL,ALLOW MILITARIST TO SPEAK
CONFED,CONFID. IN EXEC BRANCH OF FED GOVT
ETHNUM,TYPE OF RESPONSE ABOUT ETHNICITY -- R
GOD,CLOSEHOW CLOSE TO GOD
RACE,1RACE OF PERSON NUMBER 1
RELATE8,RELATIONSHIP OF 8TH PERSON TO HOUSEHOLD HEAD
MAR3,MARITAL STATUS OF 3RD PERSON
PRFMWHY0,OTHER MAJOR REASON IN DECISION TO ATTEND PERF
VPSU,VARIANCE PRIMARY SAMPLING UNIT
NATSOC,ZPROTECTING SOCIAL SECURITY -- VERSION Z
CONINC,FAMILY INCOME IN CONSTANT DOLLARS
CHNGEWRK,I WOULD CHANGE MY WORK FOR SOMETHING DIFFERENT
DISCAFF,WHITES HURT BY AFF. ACTION
FEELEVEL,AMOUNT OF FEES PAID
CORRUPT1,OPINION OF CORRUPTION BY POLITICIAN
HAPPY,GENERAL HAPPINESS
INTID,INTERVIEWER ID
RELIG,30R USE RELIGION SITE IN PAST 30 DAYS
OTHER,4PERSON #4 IS OTHER TYPE OF ACQUAINTANCE
VIRUSES,SCI KNOWLEDGE: ANTIBIOTICS KILL VIRUSES AS WELL AS BACTERIA
TAX,POORTAXES ON LOW INCOME PEOPLE TOO HIGH
VISSCI,HOW OFTEN R VISITED SCIENCE MUSEUM
GOD,WATCHBELIEVE IN GOD WHO WATCH OVER ME              
FAMILY16,LIVING WITH PARENTS WHEN 16 YRS OLD
PRFMATT,5ATTENDED WITH OTHER
OTH16,OTHER PROTESTANT DENOMINATIONS
INTECON,INTERESTED IN ECONOMIC ISSUES
RELHHD2,RELATION OF 2ND PERSON TO HOUSEHOLD HEAD
GOD,OCLAST WEEK WENT TO SEE A DOCTOR? 
MAR9,MARITAL STATUS OF 9TH PERSON
RESPNUM,NUMBER IN FAMILY OF R
STOPRNDM,SHOULD AUTHORITIES HAVE RIGHT TO SEARCH PPL IN THE STREET
WHERE13,WHERE IS 13TH PERSON (VISITOR) STAYING?
RACETHMN,WHAT RACE/ETH IS OTHER REFERRING TO
AGE,EMPIMPORTANCE OF AGE TO PAY
BORED,OMHOW OFTEN IS R BORED AT WORK
PRFMATT3,ATTENDED WITH FRIEND
PRICECON,GOVTS RESP: KEEP PRICES UNDER CONTROL
SPANKING,FAVOR SPANKING TO DISCIPLINE CHILD
VOEDNCOL,NON-COLLEGE POSTSECONDARY EDUCATION (VOEDNME2)
RELIG,1RELIGIOUS PREFERENCE OF PERSON #1
AFFRMACT,FAVOR PREFERENCE IN HIRING BLACKS
DWELOWN,DOES R OWN OR RENT HOME?
EVSTRAY,HAVE SEX OTHER THAN SPOUSE WHILE MARRIED
HSMATH,THE HIGHEST LEVEL OF MATH R COMPLETED IN HIGH SCHOOL
POLGBECO,WHAT IS YOUR VIEW ON POLITICS IN US & WORLD
RELSP5,RELATIONSHIP OF PERSON 5 TO SPOUSE OF HOUSEHOL
PARBORN,WERE RS PARENTS BORN IN THIS COUNTRY
NATHEAL,IMPROVING & PROTECTING NATIONS HEALTH
WHYDISC5,WHY WERE YOU DISCRIMINATED AGAINST
ABHLTH,WOMAN'S HEALTH SERIOUSLY ENDANGERED
RELHHD5,RELATION OF 5TH PERSON TO HOUSEHOLD HEAD
CONBUS,CONFIDENCE IN MAJOR COMPANIES
AWAY1,0IS 10TH PERSON STAYING SOMEWHERE ELSE NOW?
CORRUPT2,OPINION OF CORRUPTION BY GOVERNMENT ADMINISTRATORS
CONCLERG,CONFIDENCE IN ORGANIZED RELIGION
RELHH4,RELATIONSHIP OF PERSON 4 TO HEAD OF HOUSEHOLD
UNION1,DOES R OR SPOUSE OR PARTNER BELONG TO UNION
COHRS2,NO. OF HOURS PARTNER USUALLY WORKS A WEEK
SPREL,16RELIGION IN WHICH SPOUSE RAISED
WHOELSE2,PRESENCE OF OTHERS: OLDER CHILDREN
FEPOL,WOMEN NOT SUITED FOR POLITICS
HSPHYS,R EVER TOOK A HIGH SCHOOL PHYSICS COURSE
OCC10,RS CENSUS OCCUPATION CODE (2010)
VOEDNME2,POSTSECONDARY INSTITUTION ATTENDED FOR CREDIT
FECHLD,MOTHER WORKING DOESN'T HURT CHILDREN
RELSP8,RELATIONSHIP OF PERSON 8 TO SPOUSE OF HOUSEHOL
EXPDESGN,BETTER WAY TO TEST DRUG BTW CONTROL AND NON-CONTROL
HELPBLK,SHOULD GOVT AID BLACKS?
HSBIO,R EVER TOOK A HIGH SCHOOL BIOLOGY COURSE
HUNT,1DOES R OR SPOUSE OR PARTNER HUNT
RELHH3,RELATIONSHIP OF PERSON 3 TO HEAD OF HOUSEHOLD
RELSP4,RELATIONSHIP OF PERSON 4 TO SPOUSE OF HOUSEHOL
HOPE5,I CAN THINK OF MANY WAYS TO REACH MY CURRENT GOALS
SPDEG,SPOUSES HIGHEST DEGREE
HRS2,NUMBER OF HOURS USUALLY WORK A WEEK
PORNLAW,FEELINGS ABOUT PORNOGRAPHY LAWS
RELHH9,RELATIONSHIP OF PERSON 9 TO HEAD OF HOUSEHOLD
ISCO88,"RESPONDENT'S OCCUPATION, 1980 CENSUS & 1988 ISCO CODE"
NATFARE,YASSISTANCE TO THE POOR -- VERSION Y
RICHWORK,"IF RICH, CONTINUE OR STOP WORKING"
PRFMATT,1ATTENDED WITH SPOUSE OR PARTNER
HRS1,NUMBER OF HOURS WORKED LAST WEEK
INTAGE,AGE OF INTERVIEWER
RELHH7,RELATIONSHIP OF PERSON 7 TO HEAD OF HOUSEHOLD
TVHOURS,HOURS PER DAY WATCHING TV
HEALTH,1RS HEALTH IN GENERAL
ECONSUP1,MAIN SOURCE OF ECONOMIC SUPPORT
FORM,WTWEIGHT DEAL WITH EXPERIMENTAL RANDOMIZATION
SNSMNEW,WHICH SOCIAL NETWORK DID YOU JOIN MOST RECENTLY
CONPRESS,CONFIDENCE IN PRESS
REG16,"REGION OF RESIDENCE, AGE 16"
GOVTINFO,SHOULD GOVT INFO BE PUBLIC
RELHHD1,0RELATION OF 1OTH PERSON TO HOUSEHOLD HEAD
AGE3,AGE OF PERSON #3
INDUSGEN,INDUST AIR POLLUTION DANGER TO ENVIR   
MAWRKGRW,MOTHERS EMPLOYMENT WHEN R WAS 16
RELACTIV,1HOW OFTEN DOES R TAKE PART IN RELIG ACTIVITIES
OLD1,AGE OF 1ST PERSON
ARTTIME,DID NOT GO DUE TO LACK OF TIME
NEXTGEN,SCIENCE & TECH. GIVE MORE OPPORTUNITIES TO NEXT GENERATION
RELIG,16RELIGION IN WHICH RAISED
HUNT,BEARTRUE-FALSE: HUNTING MAKE POLAR BEAR EXTINCT THAN CLIMATE CHANGE
NUMMEN,NUMBER OF MALE SEX PARTNERS SINCE 18
PRFMWHY5,IMP OF WANTING TO SUPPORT COMMUNITY IN DECISION TO ATTEND PERF
HIVTEST1,IN WHAT MONTH AND YEAR WAS YOUR LAST HIV TEST
INTEDUC,INTERESTED IN LOCAL SCHOOL ISSUES
OTHERSEX,R HAD SEX WITH SOME OTHER LAST YEAR
INTFARM,INTERESTED IN FARM ISSUES
SEX,PROMOSEX MAKES YOUR PROMOTION DIFFERENT
INTLWHTS,UNINTELLIGENT -INTELLIGENT
WRKGOVT,GOVT OR PRIVATE EMPLOYEE
RELATE6,RELATIONSHIP OF 6TH PERSON TO HOUSEHOLD HEAD
SEEKSCI,PROBABLE SOURCE OF INFORMATION ABOUT SCIENTIFIC ISSUES
PASEI10,EDUCPERCENTAGE OF SOME COLLEGE EDUC IN PAOCC10 BASED ON ACS 2010
GENDER1,3GENDER OF 13TH PERSON (VISITOR)
RELIG,INTRELIGIOUS PEOPLE ARE OFTEN TOO INTOLERANT     
AGE,KDBRNR'S AGE WHEN 1ST CHILD BORN
MASEI10INC,PERCENTAGE OF $45K+ EARNERS IN MAOCC10 BASED ON ACS 2010
SNSMFRST,WHICH SOCIAL NETWORK DID YOU JOIN FIRST
CONRINC,RESPONDENT INCOME IN CONSTANT DOLLARS
NATPARK,ZIMPROVING PARKS AND RECREATION -- VER Z
SEXSEX,5SEX OF SEX PARTNERS LAST FIVE YEARS
NEWS,12PAST 12 MONTHS R WEB TO LEARN NEWS
HOMOSEX,1IS HOMOSEXUAL SEX WRONG?
EQUALIZE,GOVTS RESP: REDUCE INCOME DIFFERENCES
HOPE1,I COULD GET OUT OF A JAM
WHERE2,WHERE IS 2ND PERSON STAYING?
SPSEI10,INCPERCENTAGE OF $45K+ EARNERS IN SPOCC10 BASED ON ACS 2010
INCOME,86TOTAL FAMILY INCOME
NOUNEMP3, R WOULD ACCEPT TEMPORARY EMPLOYMENT TO AVOID UNEMPLOYMENT
RELATE13,RELATION OF 13TH PERSON (VISITOR) TO HEAD
SEX,EDUCSEX EDUCATION IN PUBLIC SCHOOLS
CLASS,ICSHS AND COLL STUDTS READ TOO MANY CLASSICS  
OLD3,AGE OF 3RD PERSON
NATCITYY,ASSISTANCE TO BIG CITIES -- VERSION Y
HEALTH,CONDITION OF HEALTH
MAPRES10,5PLUSMOTHER'S OCCUPATIONAL PRESTIGE SCORE USING THRESHOLD METHOD (2010)
GOODLIFE,STANDARD OF LIVING OF R WILL IMPROVE
REBORN,HAS R EVER HAD A 'BORN AGAIN' EXPERIENCE
SUPERVIS,DOES R SUPERVISE OTHERS AT WORK IN MAIN JOB
COLSCI,NMNUMBER OF COLLEGE-LEVEL SCI COURSES R HAVE TAKEN
NATROAD,HIGHWAYS AND BRIDGES
PRFMMOSTOTH,MOST IMP FACTOR IN NOT ATTENDING PERFORMANCE
RACE,2RACE OF PERSON NUMBER 2
OTHER,2PERSON #2 IS OTHER TYPE OF ACQUAINTANCE
NATAIDY,ASSISTANCE TO OTHER COUNTRIES -- VER Y
GOD,HELPASK FOR GODS HELP IN DAILY ACTIVITIES
HOTCORE,SCI KNOWLEDGE: THE CENTER OF EARTH IS VERY HOT
INDUS10,RS INDUSTRY CODE (NAICS 2007)
RELATE1,RELATIONSHIP OF 1ST PERSON TO HOUSEHOLD HEAD
MAPRES105PLUS,MOTHER'S OCCUPATIONAL PRESTIGE SCORE USING THRESHOLD METHOD (2010)
GOD,MEANSLIFE MEANINGFUL BECAUSE GOD EXISTS
AGEDPAR,SHOULD AGED LIVE WITH THEIR CHILDRENAGEDCHLDSHOULD GROWN CHILDREN LIVE WITH PARENTSWEEKSWRKWEEKS R. WORKED LAST YEAR
POLINT,YOUR INTEREST IN POLITICS
HELPFUL,PEOPLE HELPFUL OR LOOKING OUT FOR SELVES
RELHHD13,RELATION OF 13TH PERSON (VISITOR) TO HEAD
SOCOMMUN,SPEND EVENING WITH NEIGHBOR
WKSUP1,DOES R OR SPOUSE OR PARTNER SUPERVISE ANYONE
ARTLOC,DID NOT WANT TO GO TO THAT LOCATION
WANTJOB1,WHICH JOB WOULD YOU PREFER               
ARTWHY4,IMP OF WANTING TO CELEBRATE CULTURAL HERITAGE IN DECISION TO ATTEND EXHIBIT
WORDG,WORD G
MASEI10,R'S MOTHER'S SOCIOECONOMIC INDEX (2010)
FORM,LHRSTHE NUMBER OF HRS IN FORMAL TRAINING          
NATAID,FOREIGN AID
BETRLANG,WHICH LANGUAGE R SPEAKS MORE FLUENT
ZODIAC,RESPONDENTS ASTROLOGICAL SIGN
DEGREE,RS HIGHEST DEGREE
BALLOT,BALLOT USED FOR INTERVIEW
RACECEN1,WHAT IS RS RACE 1ST MENTION
SEX,FREQFREQUENCY OF SEX DURING LAST YEAR
TAX,PAIDDO AUTHORITIES ENSURE TAXES ARE PAID
SPSECTOR,TYPE OF COLLEGE SPOUSE ATTENDED
SPISCO88,"R'S SPOUSE'S OCCUPATION, 1980 CENSUS & 1988 ISCO CODE"
SPKRAC,ALLOW RACIST TO SPEAK
NATARMS,YNATIONAL DEFENSE -- VERSION Y
EVBRKDWN,EVER FELT GOING TO HAVE A NERVOUS BREAKDOWN?    
PAIDHOW,HOW ARE YOU PAID
WHOELSE1,PRESENCE OF OTHERS: CHILDREN UNDER SIX
NATENVIR,IMPROVING & PROTECTING ENVIRONMENT
PRFMATT2,ATTENDED WITH CHILD
MOBILE16,GEOGRAPHIC MOBILITY SINCE AGE 16
PARTFULL,WAS R'S WORK PART-TIME OR FULL-TIME?
ARTATT,ATTENDED EXHIBIT ALONE OR WITH OTHERS
FEAR,HOMEDOES R FEEL SAFE AND SECURE AT HOME
RELATE1,2RELATION OF 12TH PERSON (VISITOR) TO HEAD
SCIENTOD,SCIENTISTS ODD AND PECULIAR
UNEMP,EVER UNEMPLOYED IN LAST TEN YRS
WORRYJOB,DO YOU WORRY ABOUT LOSING JOB                 
INCOME,98TOTAL FAMILY INCOME
NATPARK,PARKS AND RECREATION
POPULAR,TO BE WELL LIKED OR POPULAR
SPKLANG,HOW WELL DOES R SPEAK OTHER LANGUAGE
NANOBEN,BALANCE WILL BE STRONGLY IN FAVOR OF THE BENEFITS OR SLIGHTLY
HHTYPE,1HOUSEHOLD TYPE (CONDENSED)
SEXFREQ,"2NUMBER OF TIMES, SEX LAST MONTH"
INTSCI,INTERESTED IN NEW SCIENTIFIC DISCOVERIES
NATARMSY,NATIONAL DEFENSE -- VERSION Y
AGE,"CMEUSIF BORN OUTSIDE USA, WHAT AGE WERE YOU WHEN YOU PERMANENTLY MOVED TO USA"
ABRAPE,PREGNANT AS RESULT OF RAPE
COLDEG1,THE HIGHEST DEGREE R HAVE EARNED
CESD3,HOW MUCH TIME FELT HAPPY IN PAST WK
WHENCOL,WHEN RECEIVED COLLEGE DEGREE
WHOELSE4,PRESENCE OF OTHERS: OTHER RELATIVES
FAMDIF16,REASON NOT LIVING WITH PARENTS
CONJUDGE,CONFID. IN UNITED STATES SUPREME COURT
RELITEN,ASTRENGTH OF AFFILIATION
INTETHN,RACE OF INTERVIEWER
CLASS,ICLLIKE OR DISLIKE CLASSICAL MUSIC  
PROMOTN,IMPORTANCE OF ADVANCEMENT IN A JOB
RACOPEN,VOTE ON OPEN HOUSING LAW
RACE,3RACE OF PERSON NUMBER 3
COOCC10,PARTNERS CENSUS OCCUPATION CODE (2010)
EVCRACK,R EVER USE CRACK COCAINE
ID,OLSCATHOLICS ARE IDOLS
ODDS2,TEST OF KNOWLEDGE ABOUT PROBABLITY2
FORM,LFINHAVE YOU FINISHED ALL THE COURSES              
ID,ECIDEMY JOB ALLOWS ME MAKE PART DECISIONS
INTJOB,IMPORTANCE OF INTERESTING WORK IN A JOB
BIBLE,YFEELINGS ABOUT THE BIBLE -- VERSION Z
FAIR,ASNSASIANS COMMITTED TO FAIR AND EQUAL TREATMENT O
OLD14,AGE OF 14TH PERSON (VISITOR)
PRFMMUS,WAS IT A MUSIC PERFORMANCE
ARTATT,2ATTENDED WITH CHILD
GENDER9,GENDER OF 9TH PERSON
SPANSELF,"IF THIS INTERVIEW HAD ONLY BEEN AVAILABLE IN ENGLISH, WOULD YOU–"
SCIENTGO,SCIENTISTS WORK FOR GOOD OF HUMANITY
SUICIDE1,SUICIDE IF INCURABLE DISEASE
AIDHOUSE,GOV. SHOULD PROVIDE HOUSING TO POOR
HELPSICK,SHOULD GOVT HELP PAY FOR MEDICAL CARE?
SPSEI10INC,PERCENTAGE OF $45K+ EARNERS IN SPOCC10 BASED ON ACS 2010
SPSEI10EDUC,PERCENTAGE OF SOME COLLEGE EDUC IN SPOCC10 BASED ON ACS 2010
RELHHD1,4RELATION OF 14TH PERSON (VISITOR) TO HEAD
WTSS,ALLWEIGHT VARIABLE
CONEDUC,CONFIDENCE IN EDUCATION
DIVLAW,YDIVORCE LAWS-VERSION Y
OBEY,SYOBEYS PARENTS WELL-VERSION Y
PRFMATT,2ATTENDED WITH CHILD
RELATE9,RELATIONSHIP OF 9TH PERSON TO HOUSEHOLD HEAD
GENEGEN,HOW DANGEROUS MODIFYING GENES IN CROPS                   
SPWRKSLF,SPOUSE SELF-EMP. OR WORKS FOR SOMEBODY
SEX,5SEX OF PERSON NUMBER 5
WRKSHIFT,WHAT IS YOUR WORKING SCHEDULE
PARTYID,1PARTY ID OF PERSON #1
WKSUBS,1DOES SUPERVISOR HAVE SUPERVISOR
USWARY,EXPECT U.S. IN WORLD WAR IN 10 YEARS
WWWHR,HHOURS PER WEEK USE COMPUTER WWW
POLEFF17,MOST GOVERNMENT ADMINISTRATORS CAN BE TRUSTED           
USESKILL,HOW MUCH PAST SKILLS CAN YOU MAKE USE IN PRESENT
HELPPOOR,SHOULD GOVT IMPROVE STANDARD OF LIVING?
SIZE,SIZE OF PLACE IN 1000S
FLICKR,USE FLICKR
LEASTHRS,FEWEST HRS/WEEK WORKED IN PAST MONTH
ARTINT,DID NOT GO SINCE NOT OF INTEREST
HOPE3,THERE ARE MANY WAYS AROUND PROBLEMS I FACE
NATSPACY,SPACE EXPLORATION -- VERSION Y
PRAY,ERXBIBLE PRAYER IN SCHOOLS -- VERSION Z
RES16,TYPE OF PLACE LIVED IN WHEN 16 YRS OLD
STRESS,HOW OFTEN DOES R FIND WORK STRESSFUL
XMARSEX,1IS EXTRAMARITAL SEX WRONG?
INTYRS,YEARS OF SERVICE AS AN INTERVIEWER AT NORC
SEI10,INCPERCENTAGE OF $45K+ EARNERS IN OCC10 BASED ON ACS 2010
BORN,HOMEWHAT KIND OF HOUSE RS FAMILY LIVED AT BIRTH
DENOM,SCHDENOMINATION OF SCHOOL CHILDREN ATTENDED
OTHLANG,CAN R SPEAK LANGUAGE OTHER THAN ENGLISH/SPANISH
INTINTL,INTERESTED IN INTERNATIONAL ISSUES
RELHHD14,RELATION OF 14TH PERSON (VISITOR) TO HEAD
SAVEJOBS,GOVT SUPPORT FOR DECLINING INDUSTRIES
FACEBOOK,USE FACEBOOK
SPBARATE,RATE OF BA DEGREE EARNING IN COLLEGE SPOUSE ATTENDED
XMOVIE,1SEEN PORN FILM (THEATER OR VCR) LAST YR
ARTATT3,ATTENDED WITH FRIEND
BIBLE,FEELINGS ABOUT THE BIBLE
NUMEMPS,NUMBER OF EMPLOYEE FOR THE SELF-EMPLOYED
EDUC,1EDUCATION LEVEL OF PERSON #1
CESD1,HOW MUCH TIME FELT DEPRESSED IN PAST WK
RELHH1,0RELATIONSHIP OF PERSON 10 TO HEAD OF HOUSEHOLD
COFUND,HOW FUNDAMENTALIST IS PARTNERS CURRENT RELIGION
FUND,HOW FUNDAMENTALIST IS R CURRENTLY
TAX,CHEATWRONG TO CHEAT ON TAXES?
RELATE10,RELATIONSHIP OF 10TH PERSON TO HOUSEHOLD HEAD
ARTFREE,WAS EXHIBIT ATTENDED FREE
ELECTRON,SCI KNOWLEDGE: ELECTRONS ARE SMALLER THAN ATOMS
RELATSEX,RELATION TO LAST SEX PARTNER
NATCHLD,ASSISTANCE FOR CHILDCARE
WORDA,WORD A
AGED,SHOULD AGED LIVE WITH THEIR CHILDREN
AIDCOL,GOV. SHOULD ASSIST LOW-INCOME COLLEGE STUDENT
POLINT,1HOW INTERESTED IN POLITICS  
TRUST,SCIWE TRUST TOO MUCH IN SCIENCE   
PREMARSX,SEX BEFORE MARRIAGE
YEAR,VALTOTAL DOLLAR VALUE OF PAYMENTS IN THAT YEAR
SPHLTH,KDSPENDING FOR HEALTH CARE
RELHHD4,RELATION OF 4TH PERSON TO HOUSEHOLD HEAD
SPARMS,GOVT SPENDING ON DEFENSE
SAMPCODE,SAMPLING ERROR CODE
THNKSELF,TO THINK FOR ONES SELF
INTWKENM,MINUTES OF INTERNET USE ON WEEKENDS
VISZOO,HOW OFTEN R VISITED ZOO  LAST YEAR
PARTYID,3PARTY ID OF PERSON #3
LIBCOM,ALLOW COMMUNISTS BOOK IN LIBRARY
WWWHR,WHOURS PER WEEK USING WORK COMPUTER WWW
AGE,AGE OF RESPONDENT
KIDSSOL,RS KIDS LIVING STANDARD COMPARED TO R
RACETHWH,POINTS ASSIGNED TO WHITE
COMPREND,RS UNDERSTANDING OF QUESTIONS
WKPERSNL,IMPORTANCE OF PERSONAL CONTACT AT WORK
WWWHR,WWW HOURS PER WEEK
FAIR,HWRKDIVISION OF WORK UNFAIR TO YOU OR SPOUSE         
NATARMS,ZSTRENGTHENING NATIONAL DEFENSE -- VER Z
INCOME,82TOTAL FAMILY INCOME
BOSSEMPS,QUALITY OF MGMNT-EMPLOYEE RELS: RS FIRM
GENDER11,GENDER OF 11TH PERSON (VISITOR)
GOD,RS CONFIDENCE IN THE EXISTENCE OF GOD
COHRS1,NUMBER OF HOURS PARTNER WORKED LAST WEEK
NATFARE,ZCARING FOR THE POOR -- VERSION Z
PRFMCOST,DID NOT GO DUE TO COST
SPPRES10,SPOUSE OCCUPATIONAL PRESTIGE SCORE (2010)
SPREL,SPOUSES RELIGIOUS PREFERENCE
STAYORG3,I WOULD TURN DOWN JOB OFFERING MORE PAY
TAX,RS FEDERAL INCOME TAX
TAXPOOR,TAXES ON LOW INCOME PEOPLE TOO HIGH
RELATE12,RELATION OF 12TH PERSON (VISITOR) TO HEAD
RELIG,CONRELIGIONS BRING MORE CONFLICT   
NATAID,YASSISTANCE TO OTHER COUNTRIES -- VER Y
SKLTRAIN,R HAD JOB SKILL TRAINING IN THE  PAST 12 MONTHS
DENOM16,DENOMINATION IN WHICH R WAS RAISED
SECTOR,TYPE OF COLLEGE RESPONDENT ATTENDED
NATEDUC,ZIMPROVING THE EDUCATION SYSTEM -- VER Z
RELHHD1,RELATION OF 1ST PERSON TO HOUSEHOLD HEAD
HLTHCARE,GOVTS RESP: PROVIDE HLTH CARE FOR SICK
MASEI10,INCPERCENTAGE OF $45K+ EARNERS IN MAOCC10 BASED ON ACS 2010
ABPOOR,LOW INCOME--CANT AFFORD MORE CHILDREN
WWWMIN,WWW MINUTES PER WEEK
RELHH1,3RELATIONSHIP OF PERSON 13 TO HEAD OF HOUSEHOLD
FAIR,JEWSJEWS COMMITTED TO FAIR AND EQUAL TREATMENT OF A
MAJOR1,COLLEGE MAJOR 1
DISCAFFW,A WOMAN WON'T GET A JOB OR PROMOTION             
RADIOACT,SCI KNOWLEDGE: ALL  RADIOACTIVITY IS MAN-MADE
COLCOM,SHOULD COMMUNIST TEACHER BE FIRED
DIPGED,"DIPLOMA, GED, OR OTHER"
MAIND10,MOTHERS INDUSTRY CODE (NAICS 2007)
COWRKERS,QUALITY OF RELS AMONG WORKERS: RS FIRM
PROUDWRK,I AM PROUD OF THE TYPE OF WORK I DO
LIBATH,ALLOW ANTI-RELIGIOUS BOOK IN LIBRARY
PARTNRS5,HOW MANY SEX PARTNERS R HAD IN LAST 5 YEARS
SPANENG,INTERVIEWS CONDUCTED IN SPANISH OR ENGLISH
RELSP3,RELATIONSHIP OF PERSON 3 TO SPOUSE OF HOUSEHOL
BRLAWFL,DO PRIVATE COMPANIES COMPLY WITH REGULATIONS
PASEI10,R'S FATHER'S SOCIOECONOMIC INDEX (2010)
BRIBE,DOES R SEE PUBLIC OFFICIAL ASKING FOR A BRIBE IN LAST FIVE YEARS
INTUSE,USE INTERNET/APPS MORE THAN OCCASSIONALLY
LIBHOMO,ALLOW HOMOSEXUALS BOOK IN LIBRARY
RCONTACT,DO YOU HAVE PERSONAL CONTACT AT WORK
ARTOTHR,OTHER REASON WHY DID NOT GO
INCOME,06TOTAL FAMILY INCOME
JBENDMO,MONTH LAST PAID JOB ENDED
LOTR3,I'M ALWAYS OPTIMISTIC ABOUT MY FUTURE
MASEI10,EDUCPERCENTAGE OF SOME COLLEGE EDUC IN MAOCC10 BASED ON ACS 2010
OTHER,SEXR HAD SEX WITH SOME OTHER LAST YEAR
NUMEMPS,5HOW MANY PEOPLE R EMPLOYS 5 YRS AFTER
WKATHOME,HOW OFTEN DO YOU WORK FROM HOME
WORDJ,WORD J
HOPE4,I SEE MYSELF AS SUCCESSFUL
COOP,RS ATTITUDE TOWARD INTERVIEW
EDUC,HIGHEST YEAR OF SCHOOL COMPLETED
NATSPAC,YSPACE EXPLORATION -- VERSION Y
WKSUB,1DOES R OR SPOUSE OR PARTNER HAVE A SUPERVISOR
PRAY,FREQHOW OFTEN DOES R PRAY
AGED,PARSHOULD AGED LIVE WITH THEIR CHILDRENAGEDCHLDSHOULD GROWN CHILDREN LIVE WITH PARENTSWEEKSWRKWEEKS R. WORKED LAST YEAR
NATRACE,IMPROVING THE CONDITIONS OF BLACKS
PRAY,ERBIBLE PRAYER IN PUBLIC SCHOOLS
STRNGUN,STRONG UNIONS NEEDED TO PROTECT WORKERS
LIBMSLM,ALLOW ANTI-AMERICAN MUSLIM CLERGYMEN'S BOOKS IN LIBRARY
RELHHD11,RELATION OF 11TH PERSON (VISITOR) TO HEAD
STRESS,WKSTRESS AT WORK IN PAST 2 WKS
PADEG,FATHERS HIGHEST DEGREE
OLD9,AGE OF 9TH PERSON
WRKSLF,R SELF-EMP OR WORKS FOR SOMEBODY
LETIN1,ANUMBER OF IMMIGRANTS NOWADAYS SHOULD BE
EDUC,2EDUCATION LEVEL OF PERSON #2
AWAY13,IS 13TH PERSON (VISITOR) STAYING ELSEWHERE NOW?
HUNT,OTHRDOES OTHER HOUSEHOLD MEMBER HUNT
AGEKDBRN,R'S AGE WHEN 1ST CHILD BORN
GIVINFFOR,SHOULD GOVT COLLECT FOREIGNER INFO WITHOUT KNOWLEDGE
WHERE7,WHERE IS 7TH PERSON STAYING?
WHERE5,WHERE IS 5TH PERSON STAYING?
GENDER3,GENDER OF 3RD PERSON
PRAYER,YBIBLE PRAYER IN SCHOOLS-VERSION Y
HHTYPE,HOUSEHOLD TYPE
SUINEG2,DID 2ND CLOSEST SUICIDE NEGATIVELY IMPACT YOU
JOBLOSE,IS R LIKELY TO LOSE JOB
NATEDUC,YEDUCATION -- VERSION Y
RACETHHI,POINTS ASSIGNED TO HISPANIC/LATINO
SNSMOT2C,THIRD OTHER SOCIAL NETWORK
NATEDUC,IMPROVING NATIONS EDUCATION SYSTEM
HEALTH,30R USE HEALTH SITE IN PAST 30 DAYS
INTRACE1,INTERVIEWER S RACE1
POSSLQY,RELATIONSHIP STATUS AND COHABITATION OR NOT
PRFMWHY2,IMP OF WANTING TO EXPERIENCE HIGH QUALITY ART IN DECISION TO ATTEND PERF
TAX,ES12PAST 12 MONTHS R WEB TO LEARN TAXES
CONARMY,CONFIDENCE IN MILITARY
OLD11,AGE OF 11TH PERSON (VISITOR)
RHIINC,RS INCOME IS HIGH
SPDEN,"SPECIFIC DENOMINATION, SPOUSE"
SPKCOM,ALLOW COMMUNIST TO SPEAK
XHAUSTN,HOW OFTEN DOES WORK EXHAUST R
OTHLANG,2WHAT OTHER LANGUAGES DOES R SPEAK
TEENS,EXSEX BEFORE MARRIAGE -- TEENS 14-16
SAVESOUL,TRIED TO CONVINCE OTHERS TO ACCEPT JESUS
CONTV,NHAVE VIETNAMESE POSITIVE CONTRIBUTION TO COUNTRY
SEX,2SEX OF PERSON NUMBER 2
SUINUM1,PEOPLE R KNOWS SUICIDE OVER LIFETIME
FAMGEN,NUMBER OF FAMILY GENERATIONS IN HOUSEHOLD
FINALTER,CHANGE IN FINANCIAL SITUATION
OLD6,AGE OF 6TH PERSON
RELATE11,RELATION OF 11TH PERSON (VISITOR) TO HEAD
RACE,5RACE OF PERSON NUMBER 5
ETH3,3RD MENTIONED COUNTRY OF ORIGIN                     
GRNLAWS,GOV RESP TO  MAKE INDUSTRY LESS DAMAGING               
WKSUP,S1DOES SUBORDINANT SUPERVISE ANYONE
RELHHD6,RELATION OF 6TH PERSON TO HOUSEHOLD HEAD
HEFINFO,NUMBER OF HEF INFORMANT
POSSLQ,YRELATIONSHIP STATUS AND COHABITATION OR NOT
BORN,WAS R BORN IN THIS COUNTRY
ASTROSCI,ASTROLOGY IS SCIENTIFIC
PRFMNCE,DID R GO TO A PERFORMANCE IN LAST 12 MONTHS
JOBSALL,GOVTS RESP: PROVIDE JOBS FOR ALL
MAISCO88,"R'S MOTHER'S OCCUPATION, 1980 CENSUS & 1988 ISCO CODE"
SEX,HARR EXPERIENCED SEXUAL HARASSMENT
ABPOOR,1LAW SHOULD ALLOW ABORTION IF FAMILY LOW INCOME
NATDRUG,ZREDUCING DRUG ADDICTION -- VERSION Z
CONTV,CONFIDENCE IN TELEVISION
SCIFROM,YWHERE GET SCIENCE AND TECHNOLOGY INFO
MARITAL,MARITAL STATUS
SUICLSE2,HOW CLOSE WERE  YOU TO 2ND CLOSEST SUICIDE VICTIM
SUINEG1,DID CLOSEST SUICIDE NEGATIVELY IMPACT YOU
GENDER6,GENDER OF 6TH PERSON
INTSEX,SEX OF INTERVIEWER
AWAY4,IS 4TH PERSON STAYING SOMEWHERE ELSE NOW?
RELHH8,RELATIONSHIP OF PERSON 8 TO HEAD OF HOUSEHOLD
GENDER2,GENDER OF 2ND PERSON
CODEG,PARTNERS HIGHEST DEGREE
COWRKSLF,PARTNER SELF-EMP. OR WORKS FOR SOMEBODY ELSE
FAIR,BLKSBLACKS COMMITTED TO FAIR AND EQUAL TREATMENT OF
INTMED,INTERESTED IN MEDICAL DISCOVERIES
TRUST,PEOTHERE ARE ONLY A FEW PPL R CAN TRUST COMPLETELY
RELSP10,RELATIONSHIP OF PERSON 10 TO SPOUSE OF HOUSEHO
MAJOR2,COLLEGE MAJOR 2
RELIG,INFUS WOULD BE BETTER IF LESS RELIGIOUS      
COMPUSE,R USE COMPUTER
INTMIL,INTERESTED IN MILITARY POLICY
LESSREG,LESS GOVT REGULATION OF BUSINESS
PRFMATT1,ATTENDED WITH SPOUSE OR PARTNER
WORDB,WORD B
BARATE,RATE OF BA DEGREE EARNING IN COLLEGE RESPONDENT ATTENDED
RPROMOTN,R HAS OPPORTUNITY TO ADVANCE
EVWORK,EVER WORK AS LONG AS ONE YEAR
NOGO,1PERFORMANCE OR EXHIBIT
INTSTART,YEAR STARTING TO USE INTERNET/APPS
RELITEN,STRENGTH OF AFFILIATION
COSEI10,PARTNERS SOCIOECONOMIC INDEX (2010)
TWITTER,USE TWITTER
PRVDHLTH,WHO PROVIDES FOR SICK PEOPLE
WHOELSE6,PRESENCE OF OTHERS: NO ONE
USEWWW,R USE WWW OTHER THAN EMAIL
PAPRES10,FATHER'S OCCUPATIONAL PRESTIGE SCORE (2010)
SCISTUDY,R HAS CLEAR UNDERSTANDING OF SCIENTIFIC STUDY
EDUC,30R USE EDUCATION SITE IN PAST 30 DAYS
SIBS,NUMBER OF BROTHERS AND SISTERS
BIGBANG,SCI KNOWLEDGE: THE UNIVERSE BEGAN WITH A HUGE EXPLOSION
HUNT,FISHWENT HUNTING OR FISHING IN LST YR  
LOTR1,IN UNCERTAIN TIMES I USUALLY EXPECT BEST
RELATE1,0RELATIONSHIP OF 10TH PERSON TO HOUSEHOLD HEAD
SPFUND,16HOW FUNDAMENTALIST WAS SPOUSE AT 16
SPIND10,SPOUSES INDUSTRY CODE (NAICS 2007)
GETAHEAD,OPINION OF HOW PEOPLE GET AHEAD
INTRACE2,INTERVIEWER S RACE2
DATEINTV,DATE OF INTERVIEW
OBEY,SZOBEYS PARENTS WELL-VERSION Z
OTHER,1PERSON #1 IS OTHER TYPE OF ACQUAINTANCE
SEEKSCI,YWHERE GET SCIENCE ISSUE NEWS
EARTHSUN,SCI KNOWLEDGE: THE EARTH GOES AROUND THE SUN
GENDER13,GENDER OF 13TH PERSON (VISITOR)
PRIAGNCY,REGISTERED AT A PRIVATE EMPLOYMENT AGENCY     
PASEI10INC,PERCENTAGE OF $45K+ EARNERS IN PAOCC10 BASED ON ACS 2010
GENDER1,2GENDER OF 12TH PERSON (VISITOR)
RELHH2,RELATIONSHIP OF PERSON 2 TO HEAD OF HOUSEHOLD
NEWS,PRNTHOW OFTEN DOES R READ TRADITIONAL NEWSPAPER
GOD,SPORTPRO-ATHLETES GIVING THANKS TO GOD     
GENDER1,4GENDER OF 14TH PERSON (VISITOR)
OLD1,4AGE OF 14TH PERSON (VISITOR)
MOVEINUS,I WOULD MOVE WITHIN THE USA FOR WORK
POLMURDR,CITIZEN QUESTIONED AS MURDER SUSPECT
PRESTG10,RS OCCUPATIONAL PRESTIGE SCORE (2010)
SEI10,EDUCPERCENTAGE OF SOME COLLEGE EDUC IN OCC10 BASED ON ACS 2010
HARASS5,HARASSMENT AT WORK IN PAST 5 YRS
SPRTPRSN,R CONSIDER SELF A SPIRITUAL PERSON    
TAX,SHARESHOULD RICH PAY BIGGER SHARE OF TAXES?
COGRADTOUNDER,RATIO OF GRADUATE TO UNDERGRADUATE STUDENTS AT COLLEGE PARTNER ATTENDEDCOEFTOTLTTOTAL NUMBER OF STUDENTS ENROLLED AT COLLEGE PARTNER ATTENDED
BRNOTAX,DO PRIVATE COMPANIES AVOID TAXES
VETYEARS,YEARS IN ARMED FORCES
WKSUBS,DOES SUPERVISOR HAVE SUPERVISOR
MAR10,MARITAL STATUS OF 10TH PERSON
OLD13,AGE OF 13TH PERSON (VISITOR)
RELPERSN,R CONSIDER SELF A RELIGIOUS PERSON    
BIGBANG1,UNIVERSE BEGAN WITH A BIG EXPLOSION: TRUE OR FALSE
ATTEND,HOW OFTEN R ATTENDS RELIGIOUS SERVICES
NUKEGEN,NUKE POWER DANGER TO ENVIR   
RELATE7,RELATIONSHIP OF 7TH PERSON TO HOUSEHOLD HEAD
AIDUNEMP,GOVTS RESP: PROVIDE FOR THE UNEMPLOYED
RELHHD9,RELATION OF 9TH PERSON TO HOUSEHOLD HEAD
RES16,1WHERE SPEND CHILDHOOD UNTIL AGE 16?  
WORKNOW,ARE YOU CURRENTLY WORKING FOR PAY             
GUNLAW,FAVOR OR OPPOSE GUN PERMITS
STRESSWK,STRESS AT WORK IN PAST 2 WKS
CODEN,PARTNERS DENOMINATION
JOBSAT,HOW SATISFIED IS R WITH HIS/HER JOB
MAOCC10,MOTHERS CENSUS OCCUPATION CODE (2010)
HOMOSEX,HOMOSEXUAL SEX RELATIONS
NANOHARM,BALANCE WILL BE STRONGLY IN FAVOR OF THE BENEFITS OR SLIGHTLY
NOGO,ODAT TIMES I THINK I AM NO GOOD AT ALL
WKSUB,S1DOES SUPERVISOR HAVE SUPERVISOR
DIVLAW,DIVORCE LAWS
SPFUND,HOW FUNDAMENTALIST IS SPOUSE CURRENTLY
NATCRIMY,LAW ENFORCEMENT -- VERSION Y
AWAY1,IS 1ST PERSON STAYING SOMEWHERE ELSE NOW?
LIFE,IS LIFE EXCITING OR DULL
ASKHELP,ASKED RELATIVES FRIENDS COLLEAGUES TO HELP    
AWAY1,4IS 14TH PERSON (VISITOR) STAYING ELSEWHERE NOW?
PHASE,SUBSAMPLING: TWO-PHASE DESIGN.
GOD,LOVEFEEL GODS LOVE DIRECTLY OR THRU OTHERS        
RELIG,3RELIGIOUS PREFERENCE OF PERSON #3
INTWKDYH,HOURS OF INTERNET USE ON WEEKDAYS
RELSP12,RELATIONSHIP OF PERSON 12 TO SPOUSE OF HOUSEHO
OBEY,LAWSHOW IMPORTANT ALWAYS TO OBEY LAWS  
HIINC,IMPORTANCE OF HIGH PR INCOME IN A JOB
PRFMWHY4,IMP OF WANTING TO CELEBRATE CULTURAL HERITAGE IN DECISION TO ATTEND PERF
EVOLVED,SCI KNOWLEDGE: HUMAN BEINGS DEVELOPED FROM ANIMALS
TEMPGEN,1TEMPERATURE RISE FROM CLIMATE CHANGE
SUIYRS1,HOW MANY YEARS SINCE CLOSEST SUICIDE
